s,match_i,ed,ed_dot,efai,efai_dot,project_curv,ego_x,ego_y
5.34748E-07,0,2.47656E-06,5.4967E-08,-7.55796E-07,1.34349E-10,0,45.5782,181.78
0.02898,0,-4.99338E-06,3.9475E-06,6.16842E-06,-5.60511E-05,0,45.5498,181.786
0.02898,0,-4.99338E-06,3.9475E-06,6.16842E-06,-5.60511E-05,0,45.5498,181.786
0.131729,1,-1.93589E-05,1.07028E-05,8.56527E-06,-4.83323E-06,0,45.4491,181.807
0.131729,1,-1.93589E-05,1.07028E-05,8.56527E-06,-4.83323E-06,0,45.4491,181.807
0.271286,3,-3.74254E-05,1.31439E-05,8.83158E-06,-5.16165E-05,0,45.3124,181.834
0.271286,3,-3.74254E-05,1.31439E-05,8.83158E-06,-5.16165E-05,0,45.3124,181.834
0.425791,4,-2.03266E-05,-5.97997E-05,-3.75074E-05,0.00226237,0,45.161,181.865
0.425791,4,-2.03266E-05,-5.97997E-05,-3.75074E-05,0.00226237,0,45.161,181.865
0.591041,6,1.75093E-05,-0.00012425,-7.34601E-05,0.00309446,0,44.999,181.898
0.591041,6,1.75093E-05,-0.00012425,-7.34601E-05,0.00309446,0,44.999,181.898
0.765883,8,0.000106753,-0.000261064,-0.000146164,0.00340897,0,44.8277,181.933
0.765883,8,0.000106753,-0.000261064,-0.000146164,0.00340897,0,44.8277,181.933
0.948838,9,0.000117651,-0.000344308,-0.000186644,0.00182382,0,44.6484,181.969
0.948838,9,0.000117651,-0.000344308,-0.000186644,0.00182382,0,44.6484,181.969
1.1332,11,7.10137E-05,-0.000509341,-0.000276127,0.0042173,0,44.4677,182.006
1.1332,11,7.10137E-05,-0.000509341,-0.000276127,0.0042173,0,44.4677,182.006
1.32061,13,8.51882E-05,-0.000765006,-0.000403692,0.00387089,0,44.2841,182.043
1.32061,13,8.51882E-05,-0.000765006,-0.000403692,0.00387089,0,44.2841,182.043
1.51451,15,6.43617E-05,-0.00100078,-0.000508354,0.00357116,0,44.0941,182.082
1.51451,15,6.43617E-05,-0.00100078,-0.000508354,0.00357116,0,44.0941,182.082
1.71618,17,5.23731E-05,-0.00121921,-0.000594907,0.00343922,0,43.8964,182.122
1.71618,17,5.23731E-05,-0.00121921,-0.000594907,0.00343922,0,43.8964,182.122
1.92492,19,-6.60873E-05,-0.00130524,-0.000622338,0.00165329,0,43.6919,182.164
1.92492,19,-6.60873E-05,-0.00130524,-0.000622338,0.00165329,0,43.6919,182.164
2.13414,21,-0.000146281,-0.00140928,-0.000674269,0.00360336,0,43.4869,182.206
2.13414,21,-0.000146281,-0.00140928,-0.000674269,0.00360336,0,43.4869,182.206
2.34581,23,-0.000229019,-0.00159578,-0.00074724,0.00335481,0,43.2795,182.248
2.34581,23,-0.000229019,-0.00159578,-0.00074724,0.00335481,0,43.2795,182.248
2.56352,26,-0.000342195,-0.00177757,-0.000806096,0.00312922,0,43.0662,182.292
2.56352,26,-0.000342195,-0.00177757,-0.000806096,0.00312922,0,43.0662,182.292
2.78863,28,-0.000431325,-0.00195332,-0.000856163,0.0030073,0,42.8456,182.337
2.78863,28,-0.000431325,-0.00195332,-0.000856163,0.0030073,0,42.8456,182.337
3.0202,30,-0.000576491,-0.00198952,-0.000856696,0.00142938,0,42.6187,182.383
3.0202,30,-0.000576491,-0.00198952,-0.000856696,0.00142938,0,42.6187,182.383
3.25158,33,-0.000681867,-0.0020146,-0.000872408,0.00305613,0,42.392,182.429
3.25158,33,-0.000681867,-0.0020146,-0.000872408,0.00305613,0,42.392,182.429
3.48493,35,-0.000807019,-0.00212725,-0.000904633,0.00288836,0,42.1633,182.476
3.48493,35,-0.000807019,-0.00212725,-0.000904633,0.00288836,0,42.1633,182.476
3.72396,37,-0.000914454,-0.00224457,-0.000928867,0.00270666,0,41.9291,182.523
3.72396,37,-0.000914454,-0.00224457,-0.000928867,0.00270666,0,41.9291,182.523
3.97,40,-0.00106044,-0.00235272,-0.000945113,0.00260304,0,41.6881,182.573
3.97,40,-0.00106044,-0.00235272,-0.000945113,0.00260304,0,41.6881,182.573
4.22197,42,-0.00122901,-0.0023302,-0.000923541,0.00125667,0,41.4412,182.623
4.22197,42,-0.00122901,-0.0023302,-0.000923541,0.00125667,0,41.4412,182.623
4.47312,45,-0.00136209,-0.00228258,-0.000911024,0.00261224,0,41.1951,182.673
4.47312,45,-0.00136209,-0.00228258,-0.000911024,0.00261224,0,41.1951,182.673
4.72584,47,-0.00147136,-0.00232325,-0.000913421,0.00250451,0,40.9475,182.724
4.72584,47,-0.00147136,-0.00232325,-0.000913421,0.00250451,0,40.9475,182.724
4.98389,50,-0.00161866,-0.00237262,-0.000910492,0.00235945,0,40.6946,182.775
4.98389,50,-0.00161866,-0.00237262,-0.000910492,0.00235945,0,40.6946,182.775
5.2486,52,-0.0017817,-0.00241241,-0.00090197,0.00227631,0,40.4353,182.828
5.2486,52,-0.0017817,-0.00241241,-0.00090197,0.00227631,0,40.4353,182.828
5.51875,55,-0.00189712,-0.00234384,-0.000867348,0.00116003,0,40.1706,182.882
5.51875,55,-0.00189712,-0.00234384,-0.000867348,0.00116003,0,40.1706,182.882
5.78756,58,-0.00208198,-0.00224193,-0.000836456,0.00228805,0,39.9072,182.936
5.78756,58,-0.00208198,-0.00224193,-0.000836456,0.00228805,0,39.9072,182.936
6.05757,61,-0.00224048,-0.00222611,-0.000819944,0.00222334,0,39.6426,182.99
6.05757,61,-0.00224048,-0.00222611,-0.000819944,0.00222334,0,39.6426,182.99
6.33258,63,-0.00234984,-0.00221737,-0.000799438,0.00210785,0,39.3731,183.045
6.33258,63,-0.00234984,-0.00221737,-0.000799438,0.00210785,0,39.3731,183.045
6.6139,66,-0.0024648,-0.00221106,-0.000778665,0.0020432,0,39.0975,183.101
6.6139,66,-0.0024648,-0.00221106,-0.000778665,0.0020432,0,39.0975,183.101
6.90028,69,-0.00261121,-0.00210749,-0.000736321,0.0011366,0,38.8169,183.158
6.90028,69,-0.00261121,-0.00210749,-0.000736321,0.0011366,0,38.8169,183.158
7.18481,72,-0.0027756,-0.00198166,-0.00069877,0.00207586,0,38.5381,183.215
7.18481,72,-0.0027756,-0.00198166,-0.00069877,0.00207586,0,38.5381,183.215
7.4702,75,-0.00287436,-0.00192799,-0.000672139,0.00203674,0,38.2584,183.272
7.4702,75,-0.00287436,-0.00192799,-0.000672139,0.00203674,0,38.2584,183.272
7.76031,78,-0.002963,-0.00188602,-0.000644974,0.00194485,0,37.9742,183.33
7.76031,78,-0.002963,-0.00188602,-0.000644974,0.00194485,0,37.9742,183.33
8.05647,81,-0.00303722,-0.00184451,-0.000617544,0.00189209,0,37.684,183.389
8.05647,81,-0.00303722,-0.00184451,-0.000617544,0.00189209,0,37.684,183.389
8.35729,84,-0.00318825,-0.00173256,-0.000576798,0.00117216,0,37.3892,183.449
8.35729,84,-0.00318825,-0.00173256,-0.000576798,0.00117216,0,37.3892,183.449
8.65583,87,-0.00329137,-0.00160026,-0.000537915,0.00194778,0,37.0967,183.509
8.65583,87,-0.00329137,-0.00160026,-0.000537915,0.00194778,0,37.0967,183.509
8.95493,90,-0.00337244,-0.00153203,-0.000509952,0.00192522,0,36.8036,183.568
8.95493,90,-0.00337244,-0.00153203,-0.000509952,0.00192522,0,36.8036,183.568
9.25848,93,-0.00343681,-0.00147496,-0.000482522,0.00184801,0,36.5062,183.629
9.25848,93,-0.00343681,-0.00147496,-0.000482522,0.00184801,0,36.5062,183.629
9.56782,96,-0.00349131,-0.00142084,-0.000455624,0.00180412,0,36.203,183.691
9.56782,96,-0.00349131,-0.00142084,-0.000455624,0.00180412,0,36.203,183.691
9.88152,99,-0.00362516,-0.00131608,-0.00042047,0.00124522,0,35.8957,183.753
9.88152,99,-0.00362516,-0.00131608,-0.00042047,0.00124522,0,35.8957,183.753
10.1925,102,-0.00371313,-0.00119332,-0.00038505,0.001877,0,35.5909,183.815
10.1925,102,-0.00371313,-0.00119332,-0.00038505,0.001877,0,35.5909,183.815
10.5038,105,-0.00375827,-0.00112617,-0.000360283,0.0018609,0,35.2859,183.877
10.5038,105,-0.00375827,-0.00112617,-0.000360283,0.0018609,0,35.2859,183.877
10.8194,108,-0.00378593,-0.00106956,-0.000336847,0.00179648,0,34.9767,183.94
10.8194,108,-0.00378593,-0.00106956,-0.000336847,0.00179648,0,34.9767,183.94
11.1404,111,-0.00382097,-0.00101905,-0.000315009,0.00176071,0,34.662,184.004
11.1404,111,-0.00382097,-0.00101905,-0.000315009,0.00176071,0,34.662,184.004
11.4656,115,-0.00385476,-0.000937452,-0.00028891,0.00133341,0,34.3434,184.069
11.4656,115,-0.00385476,-0.000937452,-0.00028891,0.00133341,0,34.3434,184.069
11.7877,118,-0.00392453,-0.000835392,-0.000260414,0.00183631,0,34.0278,184.133
11.7877,118,-0.00392453,-0.000835392,-0.000260414,0.00183631,0,34.0278,184.133
12.1099,121,-0.00394031,-0.000775068,-0.000239641,0.00182374,0,33.7121,184.198
12.1099,121,-0.00394031,-0.000775068,-0.000239641,0.00182374,0,33.7121,184.198
12.436,124,-0.00399539,-0.000726957,-0.000221532,0.00176962,0,33.3925,184.263
12.436,124,-0.00399539,-0.000726957,-0.000221532,0.00176962,0,33.3925,184.263
12.7676,128,-0.00402262,-0.000693393,-0.000207683,0.00174021,0,33.0676,184.329
12.7676,128,-0.00402262,-0.000693393,-0.000207683,0.00174021,0,33.0676,184.329
13.1029,131,-0.00408458,-0.000635025,-0.00018984,0.00141648,0,32.739,184.396
13.1029,131,-0.00408458,-0.000635025,-0.00018984,0.00141648,0,32.739,184.396
13.4349,134,-0.00410725,-0.00055887,-0.000169068,0.00181336,0,32.4137,184.462
13.4349,134,-0.00410725,-0.00055887,-0.000169068,0.00181336,0,32.4137,184.462
13.7667,138,-0.00411927,-0.00051508,-0.000154687,0.00179952,0,32.0885,184.528
13.7667,138,-0.00411927,-0.00051508,-0.000154687,0.00179952,0,32.0885,184.528
14.1024,141,-0.00420709,-0.000485453,-0.000143768,0.00175395,0,31.7596,184.595
14.1024,141,-0.00420709,-0.000485453,-0.000143768,0.00175395,0,31.7596,184.595
14.4432,144,-0.00425906,-0.000464172,-0.000135245,0.00172611,0,31.4256,184.663
14.4432,144,-0.00425906,-0.000464172,-0.000135245,0.00172611,0,31.4256,184.663
14.7876,148,-0.00426987,-0.000429406,-0.000125125,0.00148082,0,31.0881,184.732
14.7876,148,-0.00426987,-0.000429406,-0.000125125,0.00148082,0,31.0881,184.732
15.1284,151,-0.00461893,-0.0161009,-0.00474452,-0.101435,0.0304215,30.7542,184.8
15.1284,151,-0.00461893,-0.0161009,-0.00474452,-0.101435,0.0304215,30.7542,184.8
15.4687,155,-0.00794896,-0.0515197,-0.0150886,-0.102065,0.0304215,30.4206,184.868
15.4687,155,-0.00794896,-0.0515197,-0.0150886,-0.102065,0.0304215,30.4206,184.868
15.8126,158,-0.0148997,-0.0883697,-0.0255441,-0.103442,0.0304215,30.0834,184.936
15.8126,158,-0.0148997,-0.0883697,-0.0255441,-0.103442,0.0304215,30.0834,184.936
16.1609,162,-0.0165678,-0.102214,-0.0291594,-0.205132,0.0304215,29.7402,184.997
16.1609,162,-0.0165678,-0.102214,-0.0291594,-0.205132,0.0304215,29.7402,184.997
16.5123,165,-0.0128943,-0.10075,-0.0287466,-0.218381,0.0304215,29.3926,185.049
16.5123,165,-0.0128943,-0.10075,-0.0287466,-0.218381,0.0304215,29.3926,185.049
16.8597,169,-0.00729148,-0.0942982,-0.0272364,-0.22618,0.0304215,29.048,185.095
16.8597,169,-0.00729148,-0.0942982,-0.0272364,-0.22618,0.0304215,29.048,185.095
17.2065,172,-0.000142831,-0.0871341,-0.0250301,-0.233519,0.0304215,28.7035,185.135
17.2065,172,-0.000142831,-0.0871341,-0.0250301,-0.233519,0.0304215,28.7035,185.135
17.5569,176,0.00813681,-0.0799579,-0.0226841,-0.2365,0.0304215,28.355,185.172
17.5569,176,0.00813681,-0.0799579,-0.0226841,-0.2365,0.0304215,28.355,185.172
17.9122,179,0.0171394,-0.0731235,-0.0204479,-0.238303,0.0304215,28.0012,185.204
17.9122,179,0.0171394,-0.0731235,-0.0204479,-0.238303,0.0304215,28.0012,185.204
18.2708,183,0.0267832,-0.0657579,-0.0183959,-0.236089,0.0304215,27.6438,185.232
18.2708,183,0.0267832,-0.0657579,-0.0183959,-0.236089,0.0304215,27.6438,185.232
18.6254,186,0.0367933,-0.0584422,-0.0165503,-0.231519,0.0304215,27.2902,185.256
18.6254,186,0.0367933,-0.0584422,-0.0165503,-0.231519,0.0304215,27.2902,185.256
18.9795,190,0.047127,-0.0528781,-0.0148985,-0.23085,0.0304215,26.9369,185.275
18.9795,190,0.047127,-0.0528781,-0.0148985,-0.23085,0.0304215,26.9369,185.275
19.337,193,0.0578532,-0.0483017,-0.0134482,-0.231461,0.0304215,26.5801,185.291
19.337,193,0.0578532,-0.0483017,-0.0134482,-0.231461,0.0304215,26.5801,185.291
19.6995,197,0.0688673,-0.0444985,-0.0122193,-0.232461,0.0304215,26.2184,185.303
19.6995,197,0.0688673,-0.0444985,-0.0122193,-0.232461,0.0304215,26.2184,185.303
20.0652,201,0.0801625,-0.0406639,-0.011177,-0.230318,0.0304215,25.8536,185.31
20.0652,201,0.0801625,-0.0406639,-0.011177,-0.230318,0.0304215,25.8536,185.31
20.4265,204,0.0914988,-0.0369026,-0.0102706,-0.226449,0.0304215,25.4928,185.313
20.4265,204,0.0914988,-0.0369026,-0.0102706,-0.226449,0.0304215,25.4928,185.313
20.7874,208,0.102966,-0.034229,-0.0094823,-0.226483,0.0304215,25.1329,185.312
20.7874,208,0.102966,-0.034229,-0.0094823,-0.226483,0.0304215,25.1329,185.312
21.1517,212,0.114655,-0.0321808,-0.00881431,-0.227922,0.0304215,24.7698,185.307
21.1517,212,0.114655,-0.0321808,-0.00881431,-0.227922,0.0304215,24.7698,185.307
21.5203,215,0.126493,-0.0305564,-0.00825915,-0.229787,0.0304215,24.4022,185.298
21.5203,215,0.126493,-0.0305564,-0.00825915,-0.229787,0.0304215,24.4022,185.298
21.8924,219,0.138504,-0.028878,-0.00781676,-0.228367,0.0304215,24.0318,185.285
21.8924,219,0.138504,-0.028878,-0.00781676,-0.228367,0.0304215,24.0318,185.285
22.2603,223,0.150519,-0.0271338,-0.00743838,-0.225232,0.0304215,23.666,185.267
22.2603,223,0.150519,-0.0271338,-0.00743838,-0.225232,0.0304215,23.666,185.267
22.6268,226,0.16248,-0.0259626,-0.00708701,-0.225825,0.0304215,23.3013,185.245
22.6268,226,0.16248,-0.0259626,-0.00708701,-0.225825,0.0304215,23.3013,185.245
22.9971,230,0.174618,-0.0252203,-0.00680994,-0.227799,0.0304215,22.9338,185.219
22.9971,230,0.174618,-0.0252203,-0.00680994,-0.227799,0.0304215,22.9338,185.219
23.372,234,0.186915,-0.0247631,-0.00660165,-0.230167,0.0304215,22.5621,185.189
23.372,234,0.186915,-0.0247631,-0.00660165,-0.230167,0.0304215,22.5621,185.189
23.7492,237,0.19935,-0.0240761,-0.0064304,-0.229089,0.0304215,22.1881,185.154
23.7492,237,0.19935,-0.0240761,-0.0064304,-0.229089,0.0304215,22.1881,185.154
24.1227,241,0.211615,-0.0232711,-0.00629563,-0.226316,0.0304215,21.8189,185.115
24.1227,241,0.211615,-0.0232711,-0.00629563,-0.226316,0.0304215,21.8189,185.115
24.4953,245,0.223898,-0.022885,-0.0061671,-0.227199,0.0304215,21.4513,185.072
24.4953,245,0.223898,-0.022885,-0.0061671,-0.227199,0.0304215,21.4513,185.072
24.871,249,0.236254,-0.0227591,-0.00606921,-0.229402,0.0304215,21.0813,185.024
24.871,249,0.236254,-0.0227591,-0.00606921,-0.229402,0.0304215,21.0813,185.024
25.2512,253,0.24879,-0.0228263,-0.00601231,-0.231989,0.0304215,20.7074,184.972
25.2512,253,0.24879,-0.0228263,-0.00601231,-0.231989,0.0304215,20.7074,184.972
25.6335,256,0.261363,-0.0225843,-0.00596165,-0.231052,0.0304215,20.3316,184.915
25.6335,256,0.261363,-0.0225843,-0.00596165,-0.231052,0.0304215,20.3316,184.915
26.0121,260,0.273775,-0.0221891,-0.00593389,-0.228423,0.0304215,19.961,184.854
26.0121,260,0.273775,-0.0221891,-0.00593389,-0.228423,0.0304215,19.961,184.854
26.3896,264,0.286189,-0.022121,-0.00589432,-0.229415,0.0304215,19.5923,184.789
26.3896,264,0.286189,-0.022121,-0.00589432,-0.229415,0.0304215,19.5923,184.789
26.7703,268,0.298702,-0.0222609,-0.00587169,-0.231704,0.0304215,19.2215,184.719
26.7703,268,0.298702,-0.0222609,-0.00587169,-0.231704,0.0304215,19.2215,184.719
27.1553,272,0.311379,-0.0225505,-0.00587698,-0.234367,0.0304215,18.8473,184.645
27.1553,272,0.311379,-0.0225505,-0.00587698,-0.234367,0.0304215,18.8473,184.645
27.5422,275,0.324047,-0.0224813,-0.00587361,-0.233444,0.0304215,18.4715,184.565
27.5422,275,0.324047,-0.0224813,-0.00587361,-0.233444,0.0304215,18.4715,184.565
27.9254,279,0.336632,-0.0222425,-0.00588803,-0.230844,0.0304215,18.1013,184.482
27.9254,279,0.336632,-0.0222425,-0.00588803,-0.230844,0.0304215,18.1013,184.482
28.3074,283,0.349134,-0.022304,-0.00588441,-0.231862,0.0304215,17.7334,184.395
28.3074,283,0.349134,-0.022304,-0.00588441,-0.231862,0.0304215,17.7334,184.395
28.6925,287,0.361753,-0.02255,-0.00589104,-0.234163,0.0304215,17.3637,184.303
28.6925,287,0.361753,-0.02255,-0.00589104,-0.234163,0.0304215,17.3637,184.303
29.082,291,0.374469,-0.0229346,-0.00592157,-0.236834,0.0304215,16.991,184.206
29.082,291,0.374469,-0.0229346,-0.00592157,-0.236834,0.0304215,16.991,184.206
29.4741,295,0.387236,-0.0230555,-0.00596937,-0.235874,0.0304215,16.6171,184.103
29.4741,295,0.387236,-0.0230555,-0.00596937,-0.235874,0.0304215,16.6171,184.103
29.8615,299,0.399851,-0.0228762,-0.00600182,-0.233256,0.0304215,16.2492,183.998
29.8615,299,0.399851,-0.0228762,-0.00600182,-0.233256,0.0304215,16.2492,183.998
30.2464,302,0.412475,-0.0228499,-0.00597609,-0.234267,0.0304215,15.8838,183.888
30.2464,302,0.412475,-0.0228499,-0.00597609,-0.234267,0.0304215,15.8838,183.888
30.6355,306,0.425147,-0.0231256,-0.00599042,-0.236589,0.0304215,15.517,183.774
30.6355,306,0.425147,-0.0231256,-0.00599042,-0.236589,0.0304215,15.517,183.774
31.0289,310,0.437932,-0.0235347,-0.00602704,-0.239248,0.0304215,15.1477,183.653
31.0289,310,0.437932,-0.0235347,-0.00602704,-0.239248,0.0304215,15.1477,183.653
31.4249,314,0.450724,-0.0236721,-0.00608057,-0.238195,0.0304215,14.7776,183.528
31.4249,314,0.450724,-0.0236721,-0.00608057,-0.238195,0.0304215,14.7776,183.528
31.8161,318,0.463371,-0.0235117,-0.00612037,-0.235535,0.0304215,14.4136,183.4
31.8161,318,0.463371,-0.0235117,-0.00612037,-0.235535,0.0304215,14.4136,183.4
32.206,322,0.476017,-0.0236488,-0.00613782,-0.236519,0.0304215,14.0526,183.268
32.206,322,0.476017,-0.0236488,-0.00613782,-0.236519,0.0304215,14.0526,183.268
32.5988,326,0.488734,-0.0239516,-0.00615833,-0.238817,0.0304215,13.6906,183.131
32.5988,326,0.488734,-0.0239516,-0.00615833,-0.238817,0.0304215,13.6906,183.131
32.9958,330,0.501558,-0.024385,-0.00619994,-0.241454,0.0304215,13.3265,182.988
32.9958,330,0.501558,-0.024385,-0.00619994,-0.241454,0.0304215,13.3265,182.988
33.3954,334,0.514433,-0.0245222,-0.00625483,-0.240418,0.0304215,12.9619,182.839
33.3954,334,0.514433,-0.0245222,-0.00625483,-0.240418,0.0304215,12.9619,182.839
33.7901,338,0.527163,-0.0243492,-0.00629442,-0.237693,0.0304215,12.6038,182.689
33.7901,338,0.527163,-0.0243492,-0.00629442,-0.237693,0.0304215,12.6038,182.689
34.1834,342,0.53988,-0.0244782,-0.00631013,-0.238654,0.0304215,12.2489,182.534
34.1834,342,0.53988,-0.0244782,-0.00631013,-0.238654,0.0304215,12.2489,182.534
34.5795,346,0.552662,-0.0247769,-0.006329,-0.240927,0.0304215,11.8935,182.374
34.5795,346,0.552662,-0.0247769,-0.006329,-0.240927,0.0304215,11.8935,182.374
34.9799,350,0.565538,-0.0252086,-0.00636854,-0.243539,0.0304215,11.5363,182.209
34.9799,350,0.565538,-0.0252086,-0.00636854,-0.243539,0.0304215,11.5363,182.209
35.3827,354,0.578423,-0.0253297,-0.00642084,-0.242473,0.0304215,11.1791,182.038
35.3827,354,0.578423,-0.0253297,-0.00642084,-0.242473,0.0304215,11.1791,182.038
35.7806,358,0.59119,-0.0251404,-0.00645944,-0.239676,0.0304215,10.8286,181.865
35.7806,358,0.59119,-0.0251404,-0.00645944,-0.239676,0.0304215,10.8286,181.865
36.177,362,0.603886,-0.0252624,-0.00647369,-0.240607,0.0304215,10.4816,181.688
36.177,362,0.603886,-0.0252624,-0.00647369,-0.240607,0.0304215,10.4816,181.688
36.5762,366,0.616702,-0.0255578,-0.00649065,-0.242855,0.0304215,10.1345,181.506
36.5762,366,0.616702,-0.0255578,-0.00649065,-0.242855,0.0304215,10.1345,181.506
36.9796,370,0.629616,-0.0259863,-0.0065283,-0.245445,0.0304215,9.78606,181.318
36.9796,370,0.629616,-0.0259863,-0.0065283,-0.245445,0.0304215,9.78606,181.318
37.3854,374,0.64253,-0.026103,-0.00658069,-0.244348,0.0304215,9.43799,181.124
37.3854,374,0.64253,-0.026103,-0.00658069,-0.244348,0.0304215,9.43799,181.124
37.7861,378,0.65532,-0.0259024,-0.00661934,-0.241491,0.0304215,9.09682,180.929
37.7861,378,0.65532,-0.0259024,-0.00661934,-0.241491,0.0304215,9.09682,180.929
38.1854,382,0.66806,-0.0260245,-0.0066338,-0.24239,0.0304215,8.75947,180.73
38.1854,382,0.66806,-0.0260245,-0.0066338,-0.24239,0.0304215,8.75947,180.73
38.5874,386,0.68088,-0.0263139,-0.00664876,-0.244619,0.0304215,8.42235,180.526
38.5874,386,0.68088,-0.0263139,-0.00664876,-0.244619,0.0304215,8.42235,180.526
38.9936,390,0.693792,-0.0267419,-0.00668501,-0.247197,0.0304215,8.08437,180.316
38.9936,390,0.693792,-0.0267419,-0.00668501,-0.247197,0.0304215,8.08437,180.316
39.402,394,0.706713,-0.0268666,-0.00674042,-0.246134,0.0304215,7.74715,180.101
39.402,394,0.706713,-0.0268666,-0.00674042,-0.246134,0.0304215,7.74715,180.101
39.8055,398,0.719512,-0.02663,-0.00677116,-0.244175,0.0304215,7.417,179.884
39.8055,398,0.719512,-0.02663,-0.00677116,-0.244175,0.0304215,7.417,179.884
40.2073,402,0.732226,-0.0266232,-0.00675407,-0.245109,0.0304215,7.09092,179.664
40.2073,402,0.732226,-0.0266232,-0.00675407,-0.245109,0.0304215,7.09092,179.664
40.6119,406,0.745014,-0.0267836,-0.00673682,-0.24721,0.0304215,6.7655,179.439
40.6119,406,0.745014,-0.0267836,-0.00673682,-0.24721,0.0304215,6.7655,179.439
41.0205,410,0.757936,-0.0270772,-0.00673973,-0.249657,0.0304215,6.4397,179.208
41.0205,410,0.757936,-0.0270772,-0.00673973,-0.249657,0.0304215,6.4397,179.208
41.4314,414,0.770817,-0.0270394,-0.00675386,-0.248749,0.0304215,6.11503,178.971
41.4314,414,0.770817,-0.0270394,-0.00675386,-0.248749,0.0304215,6.11503,178.971
41.8372,418,0.78361,-0.0267109,-0.00676327,-0.245731,0.0304215,5.79752,178.733
41.8372,418,0.78361,-0.0267109,-0.00676327,-0.245731,0.0304215,5.79752,178.733
42.2415,422,0.79637,-0.0267255,-0.00675233,-0.246486,0.0304215,5.48437,178.493
42.2415,422,0.79637,-0.0267255,-0.00675233,-0.246486,0.0304215,5.48437,178.493
42.6484,426,0.809247,-0.0269435,-0.00675029,-0.248518,0.0304215,5.17227,178.247
42.6484,426,0.809247,-0.0269435,-0.00675029,-0.248518,0.0304215,5.17227,178.247
43.0618,431,0.822164,-0.0276181,-0.00684795,-0.250894,0.0304215,4.86021,177.994
43.0618,431,0.822164,-0.0276181,-0.00684795,-0.250894,0.0304215,4.86021,177.994
43.4751,435,0.835086,-0.0276665,-0.00688471,-0.249959,0.0304215,4.54967,177.737
43.4751,435,0.835086,-0.0276665,-0.00688471,-0.249959,0.0304215,4.54967,177.737
43.8832,439,0.847849,-0.0274017,-0.00691273,-0.24693,0.0304215,4.24639,177.479
43.8832,439,0.847849,-0.0274017,-0.00691273,-0.24693,0.0304215,4.24639,177.479
44.2897,443,0.860612,-0.0274545,-0.00691184,-0.247786,0.0304215,3.9477,177.219
44.2897,443,0.860612,-0.0274545,-0.00691184,-0.247786,0.0304215,3.9477,177.219
44.6988,447,0.873499,-0.0276919,-0.0069134,-0.249833,0.0304215,3.65044,176.953
44.6988,447,0.873499,-0.0276919,-0.0069134,-0.249833,0.0304215,3.65044,176.953
45.1119,451,0.886432,-0.0280714,-0.00693678,-0.252217,0.0304215,3.35368,176.681
45.1119,451,0.886432,-0.0280714,-0.00693678,-0.252217,0.0304215,3.35368,176.681
45.5273,455,0.899412,-0.0281108,-0.00697223,-0.251271,0.0304215,3.0588,176.404
45.5273,455,0.899412,-0.0281108,-0.00697223,-0.251271,0.0304215,3.0588,176.404
45.9375,459,0.912221,-0.0278357,-0.00699938,-0.248221,0.0304215,2.77127,176.126
45.9375,459,0.912221,-0.0278357,-0.00699938,-0.248221,0.0304215,2.77127,176.126
46.3461,463,0.925027,-0.0279169,-0.00700581,-0.248974,0.0304215,2.48851,175.847
46.3461,463,0.925027,-0.0279169,-0.00700581,-0.248974,0.0304215,2.48851,175.847
46.76,468,0.93785,-0.0285327,-0.00710151,-0.251004,0.0304215,2.20757,175.562
46.76,468,0.93785,-0.0285327,-0.00710151,-0.251004,0.0304215,2.20757,175.562
47.1752,472,0.950785,-0.0289699,-0.00713758,-0.253372,0.0304215,1.92755,175.271
47.1752,472,0.950785,-0.0289699,-0.00713758,-0.253372,0.0304215,1.92755,175.271
47.5925,476,0.963705,-0.029037,-0.00718089,-0.252409,0.0304215,1.64978,174.975
47.5925,476,0.963705,-0.029037,-0.00718089,-0.252409,0.0304215,1.64978,174.975
48.0047,480,0.976501,-0.0287432,-0.0072068,-0.249452,0.0304215,1.3794,174.68
48.0047,480,0.976501,-0.0287432,-0.0072068,-0.249452,0.0304215,1.3794,174.68
48.4151,484,0.989273,-0.028804,-0.0072084,-0.250214,0.0304215,1.11398,174.382
48.4151,484,0.989273,-0.028804,-0.0072084,-0.250214,0.0304215,1.11398,174.382
48.8282,488,1.00216,-0.029062,-0.00721332,-0.252243,0.0304215,0.850752,174.079
48.8282,488,1.00216,-0.029062,-0.00721332,-0.252243,0.0304215,0.850752,174.079
49.2451,492,1.0151,-0.0294656,-0.00724042,-0.2546,0.0304215,0.58888,173.771
49.2451,492,1.0151,-0.0294656,-0.00724042,-0.2546,0.0304215,0.58888,173.771
49.6674,497,1.028,-0.02989,-0.0073728,-0.253608,0.0304215,0.329611,173.457
49.6674,497,1.028,-0.02989,-0.0073728,-0.253608,0.0304215,0.329611,173.457
50.0814,501,1.04078,-0.0296023,-0.00740304,-0.250517,0.0304215,0.0777317,173.144
50.0814,501,1.04078,-0.0296023,-0.00740304,-0.250517,0.0304215,0.0777317,173.144
50.4937,505,1.05352,-0.0296861,-0.00741055,-0.251256,0.0304215,-0.169027,172.83
50.4937,505,1.05352,-0.0296861,-0.00741055,-0.251256,0.0304215,-0.169027,172.83
50.9085,509,1.06637,-0.0299357,-0.00741245,-0.253387,0.0304215,-0.41324,172.51
50.9085,509,1.06637,-0.0299357,-0.00741245,-0.253387,0.0304215,-0.41324,172.51
51.3272,513,1.0793,-0.030328,-0.00743467,-0.255738,0.0304215,-0.655663,172.185
51.3272,513,1.0793,-0.030328,-0.00743467,-0.255738,0.0304215,-0.655663,172.185
51.7481,517,1.09224,-0.0303459,-0.00746826,-0.254736,0.0304215,-0.895139,171.855
51.7481,517,1.09224,-0.0303459,-0.00746826,-0.254736,0.0304215,-0.895139,171.855
52.1671,522,1.10501,-0.0304448,-0.00759678,-0.251621,0.0304215,-1.12725,171.526
52.1671,522,1.10501,-0.0304448,-0.00759678,-0.251621,0.0304215,-1.12725,171.526
52.5811,526,1.11772,-0.0305109,-0.00759968,-0.252347,0.0304215,-1.35411,171.196
52.5811,526,1.11772,-0.0305109,-0.00759968,-0.252347,0.0304215,-1.35411,171.196
52.9975,530,1.13051,-0.030783,-0.00760585,-0.254344,0.0304215,-1.57808,170.861
52.9975,530,1.13051,-0.030783,-0.00760585,-0.254344,0.0304215,-1.57808,170.861
53.4179,534,1.14341,-0.0311779,-0.00762737,-0.256807,0.0304215,-1.79984,170.52
53.4179,534,1.14341,-0.0311779,-0.00762737,-0.256807,0.0304215,-1.79984,170.52
53.8404,538,1.15635,-0.0311768,-0.00765716,-0.255788,0.0304215,-2.01833,170.174
53.8404,538,1.15635,-0.0311768,-0.00765716,-0.255788,0.0304215,-2.01833,170.174
54.2612,543,1.16912,-0.0312714,-0.0077874,-0.252654,0.0304215,-2.22951,169.83
54.2612,543,1.16912,-0.0312714,-0.0077874,-0.252654,0.0304215,-2.22951,169.83
54.6768,547,1.18185,-0.0313264,-0.00778727,-0.253376,0.0304215,-2.43531,169.486
54.6768,547,1.18185,-0.0313264,-0.00778727,-0.253376,0.0304215,-2.43531,169.486
55.0948,551,1.19465,-0.0315911,-0.00779083,-0.255361,0.0304215,-2.63791,169.137
55.0948,551,1.19465,-0.0315911,-0.00779083,-0.255361,0.0304215,-2.63791,169.137
55.5167,555,1.20754,-0.0319709,-0.00780711,-0.257817,0.0304215,-2.83788,168.781
55.5167,555,1.20754,-0.0319709,-0.00780711,-0.257817,0.0304215,-2.83788,168.781
55.9408,559,1.22044,-0.0319462,-0.00783193,-0.256784,0.0304215,-3.03426,168.422
55.9408,559,1.22044,-0.0319462,-0.00783193,-0.256784,0.0304215,-3.03426,168.422
56.3633,564,1.23317,-0.0320303,-0.00796242,-0.253624,0.0304215,-3.22343,168.065
56.3633,564,1.23317,-0.0320303,-0.00796242,-0.253624,0.0304215,-3.22343,168.065
56.7803,568,1.24586,-0.0320725,-0.00795899,-0.254334,0.0304215,-3.40714,167.707
56.7803,568,1.24586,-0.0320725,-0.00795899,-0.254334,0.0304215,-3.40714,167.707
57.1998,572,1.25864,-0.0323361,-0.00796122,-0.256307,0.0304215,-3.58732,167.345
57.1998,572,1.25864,-0.0323361,-0.00796122,-0.256307,0.0304215,-3.58732,167.345
57.6091,576,1.27371,0.0155125,0.00378169,-0.128951,0,-3.76448,166.978
57.6091,576,1.27371,0.0155125,0.00378169,-0.128951,0,-3.76448,166.978
58.0187,580,1.29405,0.0682362,0.0167025,-0.128368,0,-3.93776,166.606
58.0187,580,1.29405,0.0682362,0.0167025,-0.128368,0,-3.93776,166.606
58.4226,584,1.31937,0.118713,0.029468,-0.126923,0,-4.10396,166.237
58.4226,584,1.31937,0.118713,0.029468,-0.126923,0,-4.10396,166.237
58.8249,588,1.3377,0.133103,0.032998,-0.0026396,0,-4.27558,165.873
58.8249,588,1.3377,0.133103,0.032998,-0.0026396,0,-4.27558,165.873
59.2297,592,1.34933,0.127953,0.0314635,0.0186602,0,-4.45434,165.509
59.2297,592,1.34933,0.127953,0.0314635,0.0186602,0,-4.45434,165.509
59.6384,596,1.3576,0.115578,0.0281439,0.0359978,0,-4.63785,165.144
59.6384,596,1.3576,0.115578,0.0281439,0.0359978,0,-4.63785,165.144
60.0491,600,1.36297,0.097473,0.0238289,0.0437315,0,-4.82485,164.778
60.0491,600,1.36297,0.097473,0.0238289,0.0437315,0,-4.82485,164.778
60.4543,605,1.36632,0.0786084,0.0194911,0.0429062,0,-5.01109,164.418
60.4543,605,1.36632,0.0786084,0.0194911,0.0429062,0,-5.01109,164.418
60.8576,609,1.3683,0.0625404,0.0154798,0.0395096,0,-5.19764,164.061
60.8576,609,1.3683,0.0625404,0.0154798,0.0395096,0,-5.19764,164.061
61.2632,613,1.36941,0.0487915,0.011981,0.0339904,0,-5.38606,163.702
61.2632,613,1.36941,0.0487915,0.011981,0.0339904,0,-5.38606,163.702
61.6726,617,1.37001,0.0373305,0.00907699,0.0279158,0,-5.57669,163.339
61.6726,617,1.37001,0.0373305,0.00907699,0.0279158,0,-5.57669,163.339
62.084,621,1.37026,0.027567,0.00672954,0.0223123,0,-5.76855,162.975
62.084,621,1.37026,0.027567,0.00672954,0.0223123,0,-5.76855,162.975
62.4899,625,1.37026,0.0197934,0.00489928,0.0172871,0,-5.95807,162.616
62.4899,625,1.37026,0.0197934,0.00489928,0.0172871,0,-5.95807,162.616
62.8938,629,1.37014,0.0141248,0.00349061,0.0133109,0,-6.1468,162.259
62.8938,629,1.37014,0.0141248,0.00349061,0.0133109,0,-6.1468,162.259
63.2964,633,1.37007,0.0204238,0.00500702,0.132948,-0.031453,-6.33666,161.9
63.2964,633,1.37007,0.0204238,0.00500702,0.132948,-0.031453,-6.33666,161.9
63.6892,637,1.3735,0.0682994,0.016583,0.131422,-0.031453,-6.52826,161.538
63.6892,637,1.3735,0.0682994,0.016583,0.131422,-0.031453,-6.52826,161.538
64.0837,641,1.38204,0.116619,0.0284301,0.128801,-0.031453,-6.72077,161.173
64.0837,641,1.38204,0.116619,0.0284301,0.128801,-0.031453,-6.72077,161.173
64.472,645,1.38523,0.130703,0.0323871,0.240097,-0.031453,-6.91933,160.82
64.472,645,1.38523,0.130703,0.0323871,0.240097,-0.031453,-6.91933,160.82
64.8579,649,1.38163,0.125446,0.0310421,0.261238,-0.031453,-7.1268,160.474
64.8579,649,1.38163,0.125446,0.0310421,0.261238,-0.031453,-7.1268,160.474
65.2503,652,1.37479,0.114656,0.0281575,0.278853,-0.031453,-7.34233,160.13
65.2503,652,1.37479,0.114656,0.0281575,0.278853,-0.031453,-7.34233,160.13
65.6419,656,1.36523,0.0995452,0.0242132,0.288889,-0.031453,-7.56625,159.788
65.6419,656,1.36523,0.0995452,0.0242132,0.288889,-0.031453,-7.56625,159.788
66.0355,660,1.35384,0.0826823,0.0201919,0.286897,-0.031453,-7.79693,159.448
66.0355,660,1.35384,0.0826823,0.0201919,0.286897,-0.031453,-7.79693,159.448
66.4238,664,1.34128,0.0664948,0.0164665,0.28017,-0.031453,-8.02973,159.116
66.4238,664,1.34128,0.0664948,0.0164665,0.28017,-0.031453,-8.02973,159.116
66.8103,668,1.32784,0.0532879,0.0131732,0.276122,-0.031453,-8.2662,158.789
66.8103,668,1.32784,0.0532879,0.0131732,0.276122,-0.031453,-8.2662,158.789
67.1994,672,1.31376,0.0424134,0.0104025,0.272783,-0.031453,-8.5085,158.464
67.1994,672,1.31376,0.0424134,0.0104025,0.272783,-0.031453,-8.5085,158.464
67.5923,676,1.29923,0.03365,0.00817291,0.269951,-0.031453,-8.75731,158.138
67.5923,676,1.29923,0.03365,0.00817291,0.269951,-0.031453,-8.75731,158.138
67.9874,680,1.28445,0.0262896,0.00641064,0.264605,-0.031453,-9.0115,157.814
67.9874,680,1.28445,0.0262896,0.00641064,0.264605,-0.031453,-9.0115,157.814
68.3772,684,1.26967,0.0203708,0.00503687,0.25753,-0.031453,-9.26638,157.498
68.3772,684,1.26967,0.0203708,0.00503687,0.25753,-0.031453,-9.26638,157.498
68.7652,688,1.25484,0.0160779,0.00396878,0.255079,-0.031453,-9.52398,157.187
68.7652,688,1.25484,0.0160779,0.00396878,0.255079,-0.031453,-9.52398,157.187
69.1558,692,1.2399,0.012942,0.00316994,0.254509,-0.031453,-9.78689,156.877
69.1558,692,1.2399,0.012942,0.00316994,0.254509,-0.031453,-9.78689,156.877
69.5502,696,1.22482,0.0107265,0.0026019,0.254816,-0.031453,-10.056,156.567
69.5502,696,1.22482,0.0107265,0.0026019,0.254816,-0.031453,-10.056,156.567
69.9506,699,1.20974,0.00954979,0.00232587,0.252443,-0.031453,-10.3302,156.259
69.9506,699,1.20974,0.00954979,0.00232587,0.252443,-0.031453,-10.3302,156.259
70.3418,703,1.19486,0.00825753,0.00203941,0.248073,-0.031453,-10.6045,155.959
70.3418,703,1.19486,0.00825753,0.00203941,0.248073,-0.031453,-10.6045,155.959
70.7312,707,1.18003,0.00740298,0.00182555,0.247788,-0.031453,-10.8812,155.664
70.7312,707,1.18003,0.00740298,0.00182555,0.247788,-0.031453,-10.8812,155.664
71.1231,711,1.16511,0.00684109,0.00167401,0.249238,-0.031453,-11.163,155.37
71.1231,711,1.16511,0.00684109,0.00167401,0.249238,-0.031453,-11.163,155.37
71.5189,715,1.15009,0.00657041,0.00159234,0.251083,-0.031453,-11.451,155.078
71.5189,715,1.15009,0.00657041,0.00159234,0.251083,-0.031453,-11.451,155.078
71.9167,719,1.13504,0.00640148,0.00155774,0.249899,-0.031453,-11.744,154.787
71.9167,719,1.13504,0.00640148,0.00155774,0.249899,-0.031453,-11.744,154.787
72.3093,723,1.1202,0.0062216,0.00153524,0.246442,-0.031453,-12.0366,154.504
72.3093,723,1.1202,0.0062216,0.00153524,0.246442,-0.031453,-12.0366,154.504
72.7,727,1.10541,0.00614141,0.00151302,0.246821,-0.031453,-12.3312,154.226
72.7,727,1.10541,0.00614141,0.00151302,0.246821,-0.031453,-12.3312,154.226
73.0932,731,1.09052,0.00616501,0.00150712,0.248623,-0.031453,-12.6309,153.951
73.0932,731,1.09052,0.00616501,0.00150712,0.248623,-0.031453,-12.6309,153.951
73.4903,735,1.07556,0.00634432,0.00153629,0.250843,-0.031453,-12.9367,153.676
73.4903,735,1.07556,0.00634432,0.00153629,0.250843,-0.031453,-12.9367,153.676
73.8894,739,1.06057,0.00651521,0.00158404,0.249926,-0.031453,-13.2473,153.404
73.8894,739,1.06057,0.00651521,0.00158404,0.249926,-0.031453,-13.2473,153.404
74.2833,743,1.0458,0.006569,0.00161982,0.246665,-0.031453,-13.557,153.14
74.2833,743,1.0458,0.006569,0.00161982,0.246665,-0.031453,-13.557,153.14
74.6753,747,1.03106,0.00666151,0.00163999,0.247196,-0.031453,-13.8685,152.88
74.6753,747,1.03106,0.00666151,0.00163999,0.247196,-0.031453,-13.8685,152.88
75.0697,751,1.01625,0.00682131,0.00166654,0.249114,-0.031453,-14.185,152.623
75.0697,751,1.01625,0.00682131,0.00166654,0.249114,-0.031453,-14.185,152.623
75.4681,755,1.00135,0.0070865,0.00171466,0.251416,-0.031453,-14.5074,152.368
75.4681,755,1.00135,0.0070865,0.00171466,0.251416,-0.031453,-14.5074,152.368
75.8685,759,0.986437,0.00730968,0.00177597,0.250553,-0.031453,-14.8346,152.116
75.8685,759,0.986437,0.00730968,0.00177597,0.250553,-0.031453,-14.8346,152.116
76.2635,763,0.971692,0.00738494,0.00181976,0.247329,-0.031453,-15.1604,151.871
76.2635,763,0.971692,0.00738494,0.00181976,0.247329,-0.031453,-15.1604,151.871
76.6567,767,0.957011,0.007502,0.00184578,0.247887,-0.031453,-15.4876,151.631
76.6567,767,0.957011,0.007502,0.00184578,0.247887,-0.031453,-15.4876,151.631
77.0524,771,0.942249,0.00768928,0.00187716,0.249825,-0.031453,-15.8196,151.394
77.0524,771,0.942249,0.00768928,0.00187716,0.249825,-0.031453,-15.8196,151.394
77.4519,775,0.927391,0.00797138,0.00192765,0.252136,-0.031453,-16.1575,151.159
77.4519,775,0.927391,0.00797138,0.00192765,0.252136,-0.031453,-16.1575,151.159
77.8535,779,0.912529,0.00819946,0.00199089,0.251276,-0.031453,-16.4999,150.928
77.8535,779,0.912529,0.00819946,0.00199089,0.251276,-0.031453,-16.4999,150.928
78.2497,783,0.897834,0.00826845,0.002036,0.248049,-0.031453,-16.8406,150.704
78.2497,783,0.897834,0.00826845,0.002036,0.248049,-0.031453,-16.8406,150.704
78.6469,786,0.883205,0.00874036,0.00214914,0.248611,-0.031453,-17.1823,150.485
78.6469,786,0.883205,0.00874036,0.00214914,0.248611,-0.031453,-17.1823,150.485
79.0437,790,0.868483,0.00893162,0.0021793,0.250552,-0.031453,-17.5287,150.269
79.0437,790,0.868483,0.00893162,0.0021793,0.250552,-0.031453,-17.5287,150.269
79.4443,794,0.853657,0.00921812,0.00222778,0.252864,-0.031453,-17.8808,150.055
79.4443,794,0.853657,0.00921812,0.00222778,0.252864,-0.031453,-17.8808,150.055
79.847,798,0.838806,0.0093882,0.00227837,0.252111,-0.031453,-18.2372,149.845
79.847,798,0.838806,0.0093882,0.00227837,0.252111,-0.031453,-18.2372,149.845
80.2443,802,0.824148,0.00938569,0.00230993,0.248876,-0.031453,-18.5914,149.643
80.2443,802,0.824148,0.00938569,0.00230993,0.248876,-0.031453,-18.5914,149.643
80.6398,806,0.809547,0.00944923,0.00232222,0.249439,-0.031453,-18.9463,149.446
80.6398,806,0.809547,0.00944923,0.00232222,0.249439,-0.031453,-18.9463,149.446
81.0378,810,0.79483,0.00959268,0.00233937,0.251366,-0.031453,-19.3057,149.252
81.0378,810,0.79483,0.00959268,0.00233937,0.251366,-0.031453,-19.3057,149.252
81.4395,814,0.780028,0.00984612,0.0023784,0.253659,-0.031453,-19.6707,149.061
81.4395,814,0.780028,0.00984612,0.0023784,0.253659,-0.031453,-19.6707,149.061
81.8434,818,0.76521,0.0100189,0.00243032,0.252769,-0.031453,-20.0397,148.873
81.8434,818,0.76521,0.0100189,0.00243032,0.252769,-0.031453,-20.0397,148.873
82.2418,822,0.750588,0.0100356,0.0024688,0.249505,-0.031453,-20.4061,148.693
82.2418,822,0.750588,0.0100356,0.0024688,0.249505,-0.031453,-20.4061,148.693
82.6385,826,0.736019,0.0101314,0.0024886,0.250054,-0.031453,-20.7729,148.519
82.6385,826,0.736019,0.0101314,0.0024886,0.250054,-0.031453,-20.7729,148.519
83.0375,830,0.721354,0.010314,0.00251429,0.251981,-0.031453,-21.1439,148.348
83.0375,830,0.721354,0.010314,0.00251429,0.251981,-0.031453,-21.1439,148.348
83.4404,834,0.706608,0.0106051,0.0025606,0.254281,-0.031453,-21.5203,148.18
83.4404,834,0.706608,0.0106051,0.0025606,0.254281,-0.031453,-21.5203,148.18
83.8453,838,0.691832,0.010801,0.00261888,0.253396,-0.031453,-21.9005,148.016
83.8453,838,0.691832,0.010801,0.00261888,0.253396,-0.031453,-21.9005,148.016
84.2449,842,0.677244,0.0108253,0.0026619,0.250135,-0.031453,-22.2777,147.859
84.2449,842,0.677244,0.0108253,0.0026619,0.250135,-0.031453,-22.2777,147.859
84.6426,846,0.662707,0.0109367,0.00268546,0.250696,-0.031453,-22.6549,147.708
84.6426,846,0.662707,0.0109367,0.00268546,0.250696,-0.031453,-22.6549,147.708
85.0427,850,0.648093,0.0111389,0.00271424,0.252632,-0.031453,-23.036,147.56
85.0427,850,0.648093,0.0111389,0.00271424,0.252632,-0.031453,-23.036,147.56
85.4467,854,0.633365,0.0114491,0.00276346,0.254938,-0.031453,-23.4224,147.417
85.4467,854,0.633365,0.0114491,0.00276346,0.254938,-0.031453,-23.4224,147.417
85.8508,859,0.618647,0.0113967,0.00276221,0.254054,-0.031453,-23.8123,147.277
85.8508,859,0.618647,0.0113967,0.00276221,0.254054,-0.031453,-23.8123,147.277
86.2514,863,0.604088,0.0114211,0.00280741,0.250789,-0.031453,-24.1987,147.144
86.2514,863,0.604088,0.0114211,0.00280741,0.250789,-0.031453,-24.1987,147.144
86.6502,867,0.589599,0.0115467,0.0028341,0.251356,-0.031453,-24.5849,147.017
86.6502,867,0.589599,0.0115467,0.0028341,0.251356,-0.031453,-24.5849,147.017
87.0515,871,0.575051,0.0117854,0.00287061,0.253216,-0.031453,-24.9747,146.894
87.0515,871,0.575051,0.0117854,0.00287061,0.253216,-0.031453,-24.9747,146.894
87.4566,875,0.560406,0.0121407,0.00292918,0.255522,-0.031453,-25.3695,146.775
87.4566,875,0.560406,0.0121407,0.00292918,0.255522,-0.031453,-25.3695,146.775
87.8637,879,0.545745,0.0123762,0.00299869,0.254638,-0.031453,-25.7676,146.66
87.8637,879,0.545745,0.0123762,0.00299869,0.254638,-0.031453,-25.7676,146.66
88.2654,883,0.531266,0.012416,0.00305102,0.251374,-0.031453,-26.1618,146.552
88.2654,883,0.531266,0.012416,0.00305102,0.251374,-0.031453,-26.1618,146.552
88.6653,887,0.516818,0.0125639,0.0030828,0.251954,-0.031453,-26.5553,146.449
88.6653,887,0.516818,0.0125639,0.0030828,0.251954,-0.031453,-26.5553,146.449
89.0675,891,0.502306,0.0128028,0.00311744,0.253909,-0.031453,-26.9523,146.351
89.0675,891,0.502306,0.0128028,0.00311744,0.253909,-0.031453,-26.9523,146.351
89.4736,895,0.487712,0.0131455,0.00317068,0.256227,-0.031453,-27.354,146.257
89.4736,895,0.487712,0.0131455,0.00317068,0.256227,-0.031453,-27.354,146.257
89.8818,899,0.4731,0.0133491,0.00323331,0.255346,-0.031453,-27.7586,146.167
89.8818,899,0.4731,0.0133491,0.00323331,0.255346,-0.031453,-27.7586,146.167
90.2845,903,0.458669,0.0133547,0.00328057,0.252074,-0.031453,-28.159,146.084
90.2845,903,0.458669,0.0133547,0.00328057,0.252074,-0.031453,-28.159,146.084
90.6854,907,0.44425,0.0134786,0.00330633,0.25265,-0.031453,-28.5583,146.007
90.6854,907,0.44425,0.0134786,0.00330633,0.25265,-0.031453,-28.5583,146.007
91.0887,911,0.429788,0.0137005,0.0033353,0.254597,-0.031453,-28.9608,145.934
91.0887,911,0.429788,0.0137005,0.0033353,0.254597,-0.031453,-28.9608,145.934
91.4958,915,0.4152,0.0140387,0.00338521,0.256908,-0.031453,-29.3678,145.865
91.4958,915,0.4152,0.0140387,0.00338521,0.256908,-0.031453,-29.3678,145.865
91.905,919,0.400619,0.0142277,0.00344535,0.256015,-0.031453,-29.7774,145.802
91.905,919,0.400619,0.0142277,0.00344535,0.256015,-0.031453,-29.7774,145.802
92.3087,923,0.386205,0.0142094,0.00348971,0.252728,-0.031453,-30.1823,145.744
92.3087,923,0.386205,0.0142094,0.00348971,0.252728,-0.031453,-30.1823,145.744
92.7106,927,0.371839,0.0143226,0.00351257,0.253302,-0.031453,-30.5859,145.692
92.7106,927,0.371839,0.0143226,0.00351257,0.253302,-0.031453,-30.5859,145.692
93.1149,931,0.35742,0.014549,0.00354086,0.255247,-0.031453,-30.9923,145.645
93.1149,931,0.35742,0.014549,0.00354086,0.255247,-0.031453,-30.9923,145.645
93.523,935,0.342872,0.0148875,0.00358907,0.257554,-0.031453,-31.4029,145.603
93.523,935,0.342872,0.0148875,0.00358907,0.257554,-0.031453,-31.4029,145.603
93.9332,939,0.328335,0.0150663,0.00364758,0.256654,-0.031453,-31.8159,145.565
93.9332,939,0.328335,0.0150663,0.00364758,0.256654,-0.031453,-31.8159,145.565
94.3379,943,0.313959,0.0150347,0.00369149,0.253358,-0.031453,-32.2237,145.534
94.3379,943,0.313959,0.0150347,0.00369149,0.253358,-0.031453,-32.2237,145.534
94.7408,947,0.299644,0.0151513,0.00371486,0.253932,-0.031453,-32.6299,145.507
94.7408,947,0.299644,0.0151513,0.00371486,0.253932,-0.031453,-32.6299,145.507
95.1461,951,0.28523,0.0153794,0.00374218,0.255877,-0.031453,-33.0385,145.486
95.1461,951,0.28523,0.0153794,0.00374218,0.255877,-0.031453,-33.0385,145.486
95.5543,956,0.270753,0.0156143,0.00376348,0.258183,-0.031453,-33.4511,145.47
95.5543,956,0.270753,0.0156143,0.00376348,0.258183,-0.031453,-33.4511,145.47
95.9655,960,0.256279,0.0157941,0.00382293,0.25728,-0.031453,-33.8657,145.459
95.9655,960,0.256279,0.0157941,0.00382293,0.25728,-0.031453,-33.8657,145.459
96.3713,964,0.241978,0.0157567,0.00386799,0.253976,-0.031453,-34.2748,145.454
96.3713,964,0.241978,0.0157567,0.00386799,0.253976,-0.031453,-34.2748,145.454
96.7752,968,0.227691,0.0158889,0.00389504,0.254517,-0.031453,-34.6818,145.453
96.7752,968,0.227691,0.0158889,0.00389504,0.254517,-0.031453,-34.6818,145.453
97.1815,972,0.213355,0.015705,0.00382074,0.25472,-0.031023,-35.0911,145.458
97.1815,972,0.213355,0.015705,0.00382074,0.25472,-0.031023,-35.0911,145.458
97.5916,976,0.198843,0.0153449,0.00369804,0.25701,-0.031023,-35.5039,145.469
97.5916,976,0.198843,0.0153449,0.00369804,0.25701,-0.031023,-35.5039,145.469
98.0038,980,0.184255,0.0148073,0.00358352,0.256115,-0.031023,-35.9185,145.484
98.0038,980,0.184255,0.0148073,0.00358352,0.256115,-0.031023,-35.9185,145.484
98.4106,984,0.169916,0.0146347,0.00359197,0.251154,-0.031023,-36.3272,145.505
98.4106,984,0.169916,0.0146347,0.00359197,0.251154,-0.031023,-36.3272,145.505
98.8155,988,0.155735,0.0148304,0.00363472,0.251454,-0.031023,-36.7335,145.53
98.8155,988,0.155735,0.0148304,0.00363472,0.251454,-0.031023,-36.7335,145.53
99.2228,992,0.141525,0.0152383,0.00370633,0.253142,-0.031023,-37.1418,145.561
99.2228,992,0.141525,0.0152383,0.00370633,0.253142,-0.031023,-37.1418,145.561
99.6339,996,0.127233,0.0158105,0.00380945,0.25533,-0.031023,-37.5532,145.597
99.6339,996,0.127233,0.0158105,0.00380945,0.25533,-0.031023,-37.5532,145.597
100.047,1000,0.112959,0.0162136,0.00392309,0.25445,-0.031023,-37.9661,145.638
100.047,1000,0.112959,0.0162136,0.00392309,0.25445,-0.031023,-37.9661,145.638
100.454,1005,0.0989228,0.0163363,0.00400893,0.251232,-0.031023,-38.3727,145.684
100.454,1005,0.0989228,0.0163363,0.00400893,0.251232,-0.031023,-38.3727,145.684
100.86,1009,0.0848923,0.0166369,0.00407686,0.251871,-0.031023,-38.7768,145.735
100.86,1009,0.0848923,0.0166369,0.00407686,0.251871,-0.031023,-38.7768,145.735
101.269,1013,0.0708198,0.0170252,0.0041405,0.253869,-0.031023,-39.1823,145.792
101.269,1013,0.0708198,0.0170252,0.0041405,0.253869,-0.031023,-39.1823,145.792
101.681,1017,0.0566627,0.0175152,0.00421956,0.256205,-0.031023,-39.5907,145.854
101.681,1017,0.0566627,0.0175152,0.00421956,0.256205,-0.031023,-39.5907,145.854
102.095,1021,0.0424914,0.0177818,0.00430196,0.255367,-0.031023,-40.0002,145.921
102.095,1021,0.0424914,0.0177818,0.00430196,0.255367,-0.031023,-40.0002,145.921
102.503,1025,0.0284847,0.0177902,0.004365,0.252138,-0.031023,-40.4032,145.993
102.503,1025,0.0284847,0.0177902,0.004365,0.252138,-0.031023,-40.4032,145.993
102.91,1029,0.0145407,0.0179674,0.00440225,0.252755,-0.031023,-40.8032,146.07
102.91,1029,0.0145407,0.0179674,0.00440225,0.252755,-0.031023,-40.8032,146.07
103.319,1033,0.000494501,0.0182566,0.00443935,0.254716,-0.031023,-41.2044,146.152
103.319,1033,0.000494501,0.0182566,0.00443935,0.254716,-0.031023,-41.2044,146.152
103.732,1037,-0.0136277,0.0186507,0.00449257,0.25702,-0.031023,-41.6081,146.239
103.732,1037,-0.0136277,0.0186507,0.00449257,0.25702,-0.031023,-41.6081,146.239
104.147,1041,-0.0277633,0.0188325,0.00455539,0.256136,-0.031023,-42.0125,146.333
104.147,1041,-0.0277633,0.0188325,0.00455539,0.256136,-0.031023,-42.0125,146.333
104.557,1046,-0.0417161,0.0187731,0.00460564,0.252864,-0.031023,-42.4102,146.43
104.557,1046,-0.0417161,0.0187731,0.00460564,0.252864,-0.031023,-42.4102,146.43
104.965,1050,-0.0556038,0.0188994,0.00463008,0.253449,-0.031023,-42.8046,146.532
104.965,1050,-0.0556038,0.0188994,0.00463008,0.253449,-0.031023,-42.8046,146.532
105.375,1054,-0.0695751,0.0191561,0.00465746,0.255385,-0.031023,-43.1998,146.639
105.375,1054,-0.0695751,0.0191561,0.00465746,0.255385,-0.031023,-43.1998,146.639
105.789,1058,-0.0836286,0.0195344,0.00470481,0.257671,-0.031023,-43.5972,146.753
105.789,1058,-0.0836286,0.0195344,0.00470481,0.257671,-0.031023,-43.5972,146.753
106.205,1062,-0.0977103,0.0196912,0.00476274,0.256767,-0.031023,-43.9948,146.872
106.205,1062,-0.0977103,0.0196912,0.00476274,0.256767,-0.031023,-43.9948,146.872
106.615,1066,-0.111615,0.0195874,0.00480487,0.253474,-0.031023,-44.3855,146.994
106.615,1066,-0.111615,0.0195874,0.00480487,0.253474,-0.031023,-44.3855,146.994
107.024,1070,-0.125496,0.0197049,0.0048268,0.254054,-0.031023,-44.7727,147.121
107.024,1070,-0.125496,0.0197049,0.0048268,0.254054,-0.031023,-44.7727,147.121
107.435,1074,-0.139448,0.0199553,0.00485123,0.255985,-0.031023,-45.1603,147.253
107.435,1074,-0.139448,0.0199553,0.00485123,0.255985,-0.031023,-45.1603,147.253
107.85,1078,-0.153478,0.0203323,0.00489661,0.258261,-0.031023,-45.5497,147.391
107.85,1078,-0.153478,0.0203323,0.00489661,0.258261,-0.031023,-45.5497,147.391
108.267,1083,-0.167487,0.0205362,0.00496663,0.25735,-0.031023,-45.9389,147.536
108.267,1083,-0.167487,0.0205362,0.00496663,0.25735,-0.031023,-45.9389,147.536
108.678,1087,-0.181349,0.0204271,0.00501036,0.254047,-0.031023,-46.3211,147.683
108.678,1087,-0.181349,0.0204271,0.00501036,0.254047,-0.031023,-46.3211,147.683
109.088,1091,-0.195157,0.0205461,0.00503249,0.254626,-0.031023,-46.6994,147.834
109.088,1091,-0.195157,0.0205461,0.00503249,0.254626,-0.031023,-46.6994,147.834
109.5,1095,-0.209043,0.0207953,0.00505506,0.256576,-0.031023,-47.0778,147.991
109.5,1095,-0.209043,0.0207953,0.00505506,0.256576,-0.031023,-47.0778,147.991
109.916,1099,-0.223037,0.0211753,0.00509911,0.258854,-0.031023,-47.4576,148.154
109.916,1099,-0.223037,0.0211753,0.00509911,0.258854,-0.031023,-47.4576,148.154
110.333,1103,-0.237023,0.0213012,0.00515126,0.257942,-0.031023,-47.8368,148.323
110.333,1103,-0.237023,0.0213012,0.00515126,0.257942,-0.031023,-47.8368,148.323
110.746,1107,-0.250849,0.0211653,0.00519112,0.25463,-0.031023,-48.2088,148.494
110.746,1107,-0.250849,0.0211653,0.00519112,0.25463,-0.031023,-48.2088,148.494
111.157,1112,-0.264637,0.0213768,0.00523563,0.255211,-0.031023,-48.5767,148.669
111.157,1112,-0.264637,0.0213768,0.00523563,0.255211,-0.031023,-48.5767,148.669
111.57,1116,-0.278456,0.0216358,0.00525883,0.257139,-0.031023,-48.9444,148.85
111.57,1116,-0.278456,0.0216358,0.00525883,0.257139,-0.031023,-48.9444,148.85
111.986,1120,-0.292377,0.0220265,0.00530371,0.259413,-0.031023,-49.3129,149.037
111.986,1120,-0.292377,0.0220265,0.00530371,0.259413,-0.031023,-49.3129,149.037
112.405,1124,-0.306324,0.0221497,0.00535583,0.258527,-0.031023,-49.6806,149.229
112.405,1124,-0.306324,0.0221497,0.00535583,0.258527,-0.031023,-49.6806,149.229
112.818,1128,-0.320084,0.0219931,0.00539358,0.255211,-0.031023,-50.0408,149.424
112.818,1128,-0.320084,0.0219931,0.00539358,0.255211,-0.031023,-50.0408,149.424
113.229,1132,-0.333838,0.0220923,0.00541036,0.255796,-0.031023,-50.3968,149.623
113.229,1132,-0.333838,0.0220923,0.00541036,0.255796,-0.031023,-50.3968,149.623
113.643,1136,-0.347651,0.0223409,0.00542985,0.257727,-0.031023,-50.7521,149.827
113.643,1136,-0.347651,0.0223409,0.00542985,0.257727,-0.031023,-50.7521,149.827
114.062,1141,-0.361541,0.0228693,0.00550626,0.259999,-0.031023,-51.1078,150.037
114.062,1141,-0.361541,0.0228693,0.00550626,0.259999,-0.031023,-51.1078,150.037
114.481,1145,-0.375399,0.0229927,0.00555941,0.259074,-0.031023,-51.4625,150.253
114.481,1145,-0.375399,0.0229927,0.00555941,0.259074,-0.031023,-51.4625,150.253
114.895,1149,-0.389105,0.0228361,0.00560002,0.255746,-0.031023,-51.8095,150.47
114.895,1149,-0.389105,0.0228361,0.00560002,0.255746,-0.031023,-51.8095,150.47
115.307,1153,-0.402801,0.0229294,0.0056151,0.256375,-0.031023,-52.1519,150.691
115.307,1153,-0.402801,0.0229294,0.0056151,0.256375,-0.031023,-52.1519,150.691
115.722,1157,-0.41655,0.0231779,0.00563293,0.258311,-0.031023,-52.4934,150.918
115.722,1157,-0.41655,0.0231779,0.00563293,0.258311,-0.031023,-52.4934,150.918
116.14,1161,-0.430395,0.0235608,0.00567229,0.260587,-0.031023,-52.8349,151.151
116.14,1161,-0.430395,0.0235608,0.00567229,0.260587,-0.031023,-52.8349,151.151
116.562,1166,-0.444226,0.0238415,0.00576441,0.259658,-0.031023,-53.1749,151.389
116.562,1166,-0.444226,0.0238415,0.00576441,0.259658,-0.031023,-53.1749,151.389
116.977,1170,-0.457904,0.0236703,0.0058043,0.256323,-0.031023,-53.5072,151.628
116.977,1170,-0.457904,0.0236703,0.0058043,0.256323,-0.031023,-53.5072,151.628
117.39,1174,-0.471542,0.0237808,0.00582313,0.256906,-0.031023,-53.8348,151.871
117.39,1174,-0.471542,0.0237808,0.00582313,0.256906,-0.031023,-53.8348,151.871
117.806,1178,-0.485263,0.0240319,0.00584032,0.258894,-0.031023,-54.1609,152.119
117.806,1178,-0.485263,0.0240319,0.00584032,0.258894,-0.031023,-54.1609,152.119
118.225,1182,-0.499075,0.0244187,0.00587857,0.261171,-0.031023,-54.4867,152.373
118.225,1182,-0.499075,0.0244187,0.00587857,0.261171,-0.031023,-54.4867,152.373
118.646,1186,-0.512893,0.0245083,0.00592516,0.260245,-0.031023,-54.8107,152.633
118.646,1186,-0.512893,0.0245083,0.00592516,0.260245,-0.031023,-54.8107,152.633
119.064,1191,-0.526519,0.0245159,0.00601126,0.256903,-0.031023,-55.1269,152.893
119.064,1191,-0.526519,0.0245159,0.00601126,0.256903,-0.031023,-55.1269,152.893
119.478,1195,-0.540102,0.0246142,0.00602699,0.257488,-0.031023,-55.4381,153.157
119.478,1195,-0.540102,0.0246142,0.00602699,0.257488,-0.031023,-55.4381,153.157
119.894,1199,-0.553781,0.0248808,0.00604632,0.259419,-0.031023,-55.7475,153.425
119.894,1199,-0.553781,0.0248808,0.00604632,0.259419,-0.031023,-55.7475,153.425
120.314,1203,-0.567529,0.0252625,0.00608157,0.261757,-0.031023,-56.0562,153.7
120.314,1203,-0.567529,0.0252625,0.00608157,0.261757,-0.031023,-56.0562,153.7
120.736,1207,-0.58131,0.0253404,0.00612622,0.260825,-0.031023,-56.3627,153.98
120.736,1207,-0.58131,0.0253404,0.00612622,0.260825,-0.031023,-56.3627,153.98
121.155,1212,-0.59492,0.0253531,0.0062163,0.257479,-0.031023,-56.6614,154.261
121.155,1212,-0.59492,0.0253531,0.0062163,0.257479,-0.031023,-56.6614,154.261
121.569,1216,-0.608452,0.0254382,0.00622846,0.258064,-0.031023,-56.9549,154.543
121.569,1216,-0.608452,0.0254382,0.00622846,0.258064,-0.031023,-56.9549,154.543
121.987,1220,-0.622069,0.0257004,0.00624515,0.259995,-0.031023,-57.2463,154.831
121.987,1220,-0.622069,0.0257004,0.00624515,0.259995,-0.031023,-57.2463,154.831
122.408,1224,-0.635767,0.0260833,0.00627888,0.26234,-0.031023,-57.5366,155.126
122.408,1224,-0.635767,0.0260833,0.00627888,0.26234,-0.031023,-57.5366,155.126
122.831,1228,-0.64951,0.0261573,0.00632348,0.261401,-0.031023,-57.8243,155.425
122.831,1228,-0.64951,0.0261573,0.00632348,0.261401,-0.031023,-57.8243,155.425
123.248,1232,-0.663057,0.0259121,0.00635323,0.258046,-0.031023,-58.1041,155.724
123.248,1232,-0.663057,0.0259121,0.00635323,0.258046,-0.031023,-58.1041,155.724
123.666,1237,-0.676554,0.0262503,0.00642721,0.258632,-0.031023,-58.3787,156.026
123.666,1237,-0.676554,0.0262503,0.00642721,0.258632,-0.031023,-58.3787,156.026
124.084,1241,-0.690108,0.0265142,0.00644283,0.260566,-0.031023,-58.6509,156.332
124.084,1241,-0.690108,0.0265142,0.00644283,0.260566,-0.031023,-58.6509,156.332
124.506,1245,-0.703758,0.0269248,0.00648128,0.262832,-0.031023,-58.9214,156.644
124.506,1245,-0.703758,0.0269248,0.00648128,0.262832,-0.031023,-58.9214,156.644
124.93,1249,-0.717431,0.0269856,0.00652357,0.26197,-0.031023,-59.189,156.962
124.93,1249,-0.717431,0.0269856,0.00652357,0.26197,-0.031023,-59.189,156.962
125.348,1253,-0.730949,0.0267253,0.00655239,0.258609,-0.031023,-59.4489,157.279
125.348,1253,-0.730949,0.0267253,0.00655239,0.258609,-0.031023,-59.4489,157.279
125.767,1258,-0.744387,0.0270803,0.00663027,0.259203,-0.031023,-59.7034,157.597
125.767,1258,-0.744387,0.0270803,0.00663027,0.259203,-0.031023,-59.7034,157.597
126.186,1262,-0.757908,0.0273325,0.00664153,0.261138,-0.031023,-59.955,157.921
126.186,1262,-0.757908,0.0273325,0.00664153,0.261138,-0.031023,-59.955,157.921
126.608,1266,-0.771511,0.0277402,0.00667743,0.263404,-0.031023,-60.2046,158.25
126.608,1266,-0.771511,0.0277402,0.00667743,0.263404,-0.031023,-60.2046,158.25
127.033,1270,-0.785138,0.0277836,0.00671628,0.262545,-0.031023,-60.451,158.584
127.033,1270,-0.785138,0.0277836,0.00671628,0.262545,-0.031023,-60.451,158.584
127.455,1275,-0.79861,0.0278199,0.00682063,0.259173,-0.031023,-60.6897,158.917
127.455,1275,-0.79861,0.0278199,0.00682063,0.259173,-0.031023,-60.6897,158.917
127.872,1279,-0.812012,0.0278908,0.00682849,0.259767,-0.031023,-60.9229,159.252
127.872,1279,-0.812012,0.0278908,0.00682849,0.259767,-0.031023,-60.9229,159.252
128.292,1283,-0.82548,0.0281487,0.00683957,0.261701,-0.031023,-61.1529,159.591
128.292,1283,-0.82548,0.0281487,0.00683957,0.261701,-0.031023,-61.1529,159.591
128.716,1287,-0.839053,0.0285271,0.00686672,0.264066,-0.031023,-61.3805,159.936
128.716,1287,-0.839053,0.0285271,0.00686672,0.264066,-0.031023,-61.3805,159.936
129.141,1291,-0.85264,0.0285548,0.00690255,0.263116,-0.031023,-61.6046,160.285
129.141,1291,-0.85264,0.0285548,0.00690255,0.263116,-0.031023,-61.6046,160.285
129.564,1296,-0.866033,0.0285988,0.00701151,0.259735,-0.031023,-61.8211,160.633
129.564,1296,-0.866033,0.0285988,0.00701151,0.259735,-0.031023,-61.8211,160.633
129.982,1300,-0.879391,0.0286636,0.00701742,0.260323,-0.031023,-62.0319,160.982
129.982,1300,-0.879391,0.0286636,0.00701742,0.260323,-0.031023,-62.0319,160.982
130.403,1304,-0.892822,0.0289223,0.00702758,0.262253,-0.031023,-62.2393,161.336
130.403,1304,-0.892822,0.0289223,0.00702758,0.262253,-0.031023,-62.2393,161.336
130.825,1308,-0.906477,0.0173731,0.00418175,0.132013,0,-62.4439,161.695
130.825,1308,-0.906477,0.0173731,0.00418175,0.132013,0,-62.4439,161.695
131.24,1312,-0.923942,-0.037279,-0.00901142,0.131563,0,-62.6446,162.058
131.24,1312,-0.923942,-0.037279,-0.00901142,0.131563,0,-62.6446,162.058
131.649,1316,-0.946569,-0.0899136,-0.0220449,0.129972,0,-62.8379,162.42
131.649,1316,-0.946569,-0.0899136,-0.0220449,0.129972,0,-62.8379,162.42
132.057,1321,-0.963113,-0.107715,-0.0263823,0.0133982,0,-63.0355,162.776
132.057,1321,-0.963113,-0.107715,-0.0263823,0.0133982,0,-63.0355,162.776
132.466,1325,-0.973791,-0.106756,-0.0259495,-0.00885499,0,-63.2394,163.132
132.466,1325,-0.973791,-0.106756,-0.0259495,-0.00885499,0,-63.2394,163.132
132.873,1329,-0.982221,-0.12342,-0.0297203,-0.118625,0.0225339,-63.4478,163.489
132.873,1329,-0.982221,-0.12342,-0.0297203,-0.118625,0.0225339,-63.4478,163.489
133.279,1333,-0.991603,-0.146531,-0.0354365,-0.127234,0.0225339,-63.6595,163.846
133.279,1333,-0.991603,-0.146531,-0.0354365,-0.127234,0.0225339,-63.6595,163.846
133.68,1337,-1.00275,-0.16655,-0.0408509,-0.125915,0.0225339,-63.8698,164.198
133.68,1337,-1.00275,-0.16655,-0.0408509,-0.125915,0.0225339,-63.8698,164.198
134.078,1341,-1.00781,-0.162941,-0.0399717,-0.212781,0.0225339,-64.0871,164.542
134.078,1341,-1.00781,-0.162941,-0.0399717,-0.212781,0.0225339,-64.0871,164.542
134.478,1345,-1.00708,-0.146911,-0.0357699,-0.225424,0.0225339,-64.3134,164.883
134.478,1345,-1.00708,-0.146911,-0.0357699,-0.225424,0.0225339,-64.3134,164.883
134.882,1349,-1.00331,-0.127629,-0.0307842,-0.234146,0.0225339,-64.5473,165.223
134.882,1349,-1.00331,-0.127629,-0.0307842,-0.234146,0.0225339,-64.5473,165.223
135.287,1353,-0.997093,-0.105549,-0.025565,-0.234301,0.0225339,-64.7873,165.561
135.287,1353,-0.997093,-0.105549,-0.025565,-0.234301,0.0225339,-64.7873,165.561
135.687,1357,-0.989228,-0.0845346,-0.0207634,-0.22648,0.0225339,-65.0284,165.891
135.687,1357,-0.989228,-0.0845346,-0.0207634,-0.22648,0.0225339,-65.0284,165.891
136.085,1361,-0.980258,-0.0674834,-0.0165495,-0.220825,0.0225339,-65.2723,166.217
136.085,1361,-0.980258,-0.0674834,-0.0165495,-0.220825,0.0225339,-65.2723,166.217
136.485,1365,-0.970513,-0.0534883,-0.0130163,-0.215261,0.0225339,-65.521,166.542
136.485,1365,-0.970513,-0.0534883,-0.0130163,-0.215261,0.0225339,-65.521,166.542
136.889,1369,-0.960265,-0.0422239,-0.0101772,-0.210103,0.0225339,-65.7753,166.867
136.889,1369,-0.960265,-0.0422239,-0.0101772,-0.210103,0.0225339,-65.7753,166.867
137.295,1373,-0.949731,-0.0328167,-0.00794239,-0.203535,0.0225339,-66.034,167.191
137.295,1373,-0.949731,-0.0328167,-0.00794239,-0.203535,0.0225339,-66.034,167.191
137.696,1377,-0.939141,-0.0253549,-0.00622313,-0.196097,0.0225339,-66.2922,167.509
137.696,1377,-0.939141,-0.0253549,-0.00622313,-0.196097,0.0225339,-66.2922,167.509
138.095,1381,-0.928461,-0.0200179,-0.0049059,-0.192565,0.0225339,-66.5521,167.822
138.095,1381,-0.928461,-0.0200179,-0.0049059,-0.192565,0.0225339,-66.5521,167.822
138.496,1385,-0.917677,-0.0161465,-0.00392694,-0.190709,0.0225339,-66.8163,168.135
138.496,1385,-0.917677,-0.0161465,-0.00392694,-0.190709,0.0225339,-66.8163,168.135
138.9,1389,-0.906849,-0.0134107,-0.00323066,-0.189789,0.0225339,-67.0856,168.448
138.9,1389,-0.906849,-0.0134107,-0.00323066,-0.189789,0.0225339,-67.0856,168.448
139.307,1393,-0.895995,-0.011336,-0.0027422,-0.1872,0.0225339,-67.3591,168.761
139.307,1393,-0.895995,-0.011336,-0.0027422,-0.1872,0.0225339,-67.3591,168.761
139.708,1397,-0.885297,-0.00977107,-0.00239727,-0.183369,0.0225339,-67.6316,169.066
139.708,1397,-0.885297,-0.00977107,-0.00239727,-0.183369,0.0225339,-67.6316,169.066
140.108,1401,-0.874676,-0.00878054,-0.00215109,-0.182717,0.0225339,-67.9055,169.368
140.108,1401,-0.874676,-0.00878054,-0.00215109,-0.182717,0.0225339,-67.9055,169.368
140.51,1405,-0.863971,-0.00817412,-0.00198732,-0.183314,0.0225339,-68.1837,169.669
140.51,1405,-0.863971,-0.00817412,-0.00198732,-0.183314,0.0225339,-68.1837,169.669
140.915,1409,-0.853238,-0.00787474,-0.00189642,-0.18439,0.0225339,-68.467,169.97
140.915,1409,-0.853238,-0.00787474,-0.00189642,-0.18439,0.0225339,-68.467,169.97
141.322,1413,-0.842519,-0.00766654,-0.00185403,-0.183341,0.0225339,-68.7544,170.269
141.322,1413,-0.842519,-0.00766654,-0.00185403,-0.183341,0.0225339,-68.7544,170.269
141.724,1417,-0.831919,-0.00745929,-0.00182946,-0.180697,0.0225339,-69.0406,170.562
141.724,1417,-0.831919,-0.00745929,-0.00182946,-0.180697,0.0225339,-69.0406,170.562
142.124,1421,-0.821336,-0.00738034,-0.0018076,-0.180896,0.0225339,-69.3279,170.851
142.124,1421,-0.821336,-0.00738034,-0.0018076,-0.180896,0.0225339,-69.3279,170.851
142.527,1425,-0.810718,-0.00741475,-0.00180227,-0.182139,0.0225339,-69.6195,171.139
142.527,1425,-0.810718,-0.00741475,-0.00180227,-0.182139,0.0225339,-69.6195,171.139
142.933,1429,-0.800088,-0.00754888,-0.00181748,-0.18369,0.0225339,-69.9162,171.427
142.933,1429,-0.800088,-0.00754888,-0.00181748,-0.18369,0.0225339,-69.9162,171.427
143.341,1433,-0.789386,-0.00762515,-0.00184349,-0.182969,0.0225339,-70.2169,171.714
143.341,1433,-0.789386,-0.00762515,-0.00184349,-0.182969,0.0225339,-70.2169,171.714
143.743,1437,-0.778803,-0.00758823,-0.00186071,-0.180558,0.0225339,-70.5162,171.993
143.743,1437,-0.778803,-0.00758823,-0.00186071,-0.180558,0.0225339,-70.5162,171.993
144.144,1441,-0.768283,-0.00762187,-0.00186639,-0.180912,0.0225339,-70.8164,172.269
144.144,1441,-0.768283,-0.00762187,-0.00186639,-0.180912,0.0225339,-70.8164,172.269
144.546,1445,-0.75769,-0.00772426,-0.00187711,-0.182258,0.0225339,-71.1208,172.544
144.546,1445,-0.75769,-0.00772426,-0.00187711,-0.182258,0.0225339,-71.1208,172.544
144.951,1450,-0.747048,-0.00773874,-0.00186284,-0.183872,0.0225339,-71.4304,172.818
144.951,1450,-0.747048,-0.00773874,-0.00186284,-0.183872,0.0225339,-71.4304,172.818
145.36,1454,-0.736382,-0.00783757,-0.00189454,-0.183192,0.0225339,-71.7439,173.09
145.36,1454,-0.736382,-0.00783757,-0.00189454,-0.183192,0.0225339,-71.7439,173.09
145.763,1458,-0.725851,-0.00781156,-0.0019151,-0.180802,0.0225339,-72.0556,173.356
145.763,1458,-0.725851,-0.00781156,-0.0019151,-0.180802,0.0225339,-72.0556,173.356
146.164,1462,-0.715345,-0.00785889,-0.00192403,-0.18112,0.0225339,-72.3681,173.618
146.164,1462,-0.715345,-0.00785889,-0.00192403,-0.18112,0.0225339,-72.3681,173.618
146.567,1466,-0.704783,-0.00797314,-0.00193713,-0.182473,0.0225339,-72.6847,173.878
146.567,1466,-0.704783,-0.00797314,-0.00193713,-0.182473,0.0225339,-72.6847,173.878
146.975,1470,-0.694171,-0.00815598,-0.00196281,-0.184093,0.0225339,-73.0065,174.138
146.975,1470,-0.694171,-0.00815598,-0.00196281,-0.184093,0.0225339,-73.0065,174.138
147.384,1474,-0.683553,-0.00826471,-0.00199755,-0.183414,0.0225339,-73.3321,174.396
147.384,1474,-0.683553,-0.00826471,-0.00199755,-0.183414,0.0225339,-73.3321,174.396
147.787,1478,-0.673045,-0.00824113,-0.00202001,-0.181026,0.0225339,-73.6557,174.648
147.787,1478,-0.673045,-0.00824113,-0.00202001,-0.181026,0.0225339,-73.6557,174.648
148.189,1482,-0.662545,-0.00827615,-0.00202573,-0.181397,0.0225339,-73.9799,174.895
148.189,1482,-0.662545,-0.00827615,-0.00202573,-0.181397,0.0225339,-73.9799,174.895
148.593,1486,-0.652024,-0.00838351,-0.00203644,-0.182756,0.0225339,-74.3081,175.141
148.593,1486,-0.652024,-0.00838351,-0.00203644,-0.182756,0.0225339,-74.3081,175.141
149.001,1490,-0.64141,-0.00855827,-0.00205939,-0.184378,0.0225339,-74.6415,175.386
149.001,1490,-0.64141,-0.00855827,-0.00205939,-0.184378,0.0225339,-74.6415,175.386
149.41,1494,-0.630781,-0.00864618,-0.00208944,-0.183695,0.0225339,-74.9786,175.629
149.41,1494,-0.630781,-0.00864618,-0.00208944,-0.183695,0.0225339,-74.9786,175.629
149.814,1498,-0.620297,-0.00860592,-0.00210909,-0.181301,0.0225339,-75.3133,175.865
149.814,1498,-0.620297,-0.00860592,-0.00210909,-0.181301,0.0225339,-75.3133,175.865
150.217,1502,-0.609835,-0.00863195,-0.00211246,-0.181669,0.0225339,-75.6485,176.098
150.217,1502,-0.609835,-0.00863195,-0.00211246,-0.181669,0.0225339,-75.6485,176.098
150.621,1506,-0.599306,-0.00872802,-0.00211996,-0.183023,0.0225339,-75.9876,176.328
150.621,1506,-0.599306,-0.00872802,-0.00211996,-0.183023,0.0225339,-75.9876,176.328
151.029,1510,-0.588711,-0.00889822,-0.00214083,-0.184641,0.0225339,-76.3319,176.558
151.029,1510,-0.588711,-0.00889822,-0.00214083,-0.184641,0.0225339,-76.3319,176.558
151.439,1514,-0.57808,-0.00897888,-0.00216952,-0.183953,0.0225339,-76.6797,176.785
151.439,1514,-0.57808,-0.00897888,-0.00216952,-0.183953,0.0225339,-76.6797,176.785
151.844,1518,-0.567606,-0.00892497,-0.00218692,-0.181551,0.0225339,-77.025,177.006
151.844,1518,-0.567606,-0.00892497,-0.00218692,-0.181551,0.0225339,-77.025,177.006
152.247,1522,-0.557143,-0.00894532,-0.00218878,-0.181917,0.0225339,-77.3705,177.223
152.247,1522,-0.557143,-0.00894532,-0.00218878,-0.181917,0.0225339,-77.3705,177.223
152.651,1527,-0.546617,-0.00892375,-0.00216724,-0.18327,0.0225339,-77.7198,177.438
152.651,1527,-0.546617,-0.00892375,-0.00216724,-0.18327,0.0225339,-77.7198,177.438
153.059,1531,-0.536039,-0.00909326,-0.00218762,-0.184884,0.0225339,-78.0742,177.651
153.059,1531,-0.536039,-0.00909326,-0.00218762,-0.184884,0.0225339,-78.0742,177.651
153.47,1535,-0.525411,-0.00916941,-0.00221527,-0.184193,0.0225339,-78.4322,177.863
153.47,1535,-0.525411,-0.00916941,-0.00221527,-0.184193,0.0225339,-78.4322,177.863
153.875,1539,-0.514924,-0.00912012,-0.00223468,-0.18175,0.0225339,-78.7872,178.068
153.875,1539,-0.514924,-0.00912012,-0.00223468,-0.18175,0.0225339,-78.7872,178.068
154.278,1543,-0.50448,-0.00916358,-0.00224214,-0.182115,0.0225339,-79.1423,178.268
154.278,1543,-0.50448,-0.00916358,-0.00224214,-0.182115,0.0225339,-79.1423,178.268
154.684,1547,-0.494,-0.00927121,-0.00225135,-0.183466,0.0225339,-79.5012,178.467
154.684,1547,-0.494,-0.00927121,-0.00225135,-0.183466,0.0225339,-79.5012,178.467
155.093,1551,-0.483447,-0.00945722,-0.00227491,-0.185083,0.0225339,-79.8651,178.664
155.093,1551,-0.483447,-0.00945722,-0.00227491,-0.185083,0.0225339,-79.8651,178.664
155.504,1555,-0.472865,-0.00954521,-0.0023058,-0.184398,0.0225339,-80.2323,178.859
155.504,1555,-0.472865,-0.00954521,-0.0023058,-0.184398,0.0225339,-80.2323,178.859
155.91,1559,-0.462422,-0.00949682,-0.00232659,-0.181993,0.0225339,-80.5964,179.048
155.91,1559,-0.462422,-0.00949682,-0.00232659,-0.181993,0.0225339,-80.5964,179.048
156.314,1563,-0.452012,-0.00952949,-0.00233125,-0.182364,0.0225339,-80.9604,179.232
156.314,1563,-0.452012,-0.00952949,-0.00233125,-0.182364,0.0225339,-80.9604,179.232
156.72,1567,-0.441552,-0.00963392,-0.00233905,-0.183721,0.0225339,-81.328,179.414
156.72,1567,-0.441552,-0.00963392,-0.00233905,-0.183721,0.0225339,-81.328,179.414
157.13,1571,-0.431013,-0.00981547,-0.00236071,-0.185341,0.0225339,-81.7006,179.594
157.13,1571,-0.431013,-0.00981547,-0.00236071,-0.185341,0.0225339,-81.7006,179.594
157.542,1575,-0.420428,-0.0098907,-0.00238887,-0.184651,0.0225339,-82.0764,179.772
157.542,1575,-0.420428,-0.0098907,-0.00238887,-0.184651,0.0225339,-82.0764,179.772
157.948,1579,-0.409949,-0.00982581,-0.00240708,-0.182241,0.0225339,-82.4488,179.944
157.948,1579,-0.409949,-0.00982581,-0.00240708,-0.182241,0.0225339,-82.4488,179.944
158.351,1584,-0.399545,-0.00977053,-0.00238997,-0.182611,0.0225339,-82.8209,180.111
158.351,1584,-0.399545,-0.00977053,-0.00238997,-0.182611,0.0225339,-82.8209,180.111
158.758,1588,-0.389102,-0.00987039,-0.00239636,-0.183966,0.0225339,-83.1965,180.276
158.758,1588,-0.389102,-0.00987039,-0.00239636,-0.183966,0.0225339,-83.1965,180.276
159.168,1592,-0.378553,-0.0100509,-0.0024173,-0.185581,0.0225339,-83.577,180.439
159.168,1592,-0.378553,-0.0100509,-0.0024173,-0.185581,0.0225339,-83.577,180.439
159.58,1596,-0.368023,-0.010136,-0.00244796,-0.184862,0.0225339,-83.9607,180.599
159.58,1596,-0.368023,-0.010136,-0.00244796,-0.184862,0.0225339,-83.9607,180.599
159.987,1600,-0.357627,-0.0100782,-0.00246868,-0.182446,0.0225339,-84.3405,180.754
159.987,1600,-0.357627,-0.0100782,-0.00246868,-0.182446,0.0225339,-84.3405,180.754
160.392,1604,-0.347241,-0.0101145,-0.002474,-0.182816,0.0225339,-84.7199,180.904
160.392,1604,-0.347241,-0.0101145,-0.002474,-0.182816,0.0225339,-84.7199,180.904
160.799,1608,-0.336809,-0.0102293,-0.00248315,-0.184174,0.0225339,-85.1028,181.052
160.799,1608,-0.336809,-0.0102293,-0.00248315,-0.184174,0.0225339,-85.1028,181.052
161.21,1612,-0.326271,-0.0104178,-0.00250524,-0.185793,0.0225339,-85.4903,181.197
161.21,1612,-0.326271,-0.0104178,-0.00250524,-0.185793,0.0225339,-85.4903,181.197
161.622,1616,-0.315742,-0.0104952,-0.00253464,-0.185102,0.0225339,-85.881,181.339
161.622,1616,-0.315742,-0.0104952,-0.00253464,-0.185102,0.0225339,-85.881,181.339
162.03,1620,-0.305352,-0.010427,-0.00255375,-0.182689,0.0225339,-86.2676,181.476
162.03,1620,-0.305352,-0.010427,-0.00255375,-0.182689,0.0225339,-86.2676,181.476
162.435,1624,-0.29495,-0.0104596,-0.00255832,-0.183061,0.0225339,-86.6536,181.609
162.435,1624,-0.29495,-0.0104596,-0.00255832,-0.183061,0.0225339,-86.6536,181.609
162.842,1628,-0.284542,-0.0105641,-0.00256432,-0.184419,0.0225339,-87.0428,181.739
162.842,1628,-0.284542,-0.0105641,-0.00256432,-0.184419,0.0225339,-87.0428,181.739
163.253,1633,-0.274039,-0.010696,-0.00257205,-0.186037,0.0225339,-87.4367,181.866
163.253,1633,-0.274039,-0.010696,-0.00257205,-0.186037,0.0225339,-87.4367,181.866
163.666,1637,-0.263532,-0.0107689,-0.00260047,-0.185343,0.0225339,-87.8335,181.99
163.666,1637,-0.263532,-0.0107689,-0.00260047,-0.185343,0.0225339,-87.8335,181.99
164.074,1641,-0.253142,-0.0106941,-0.00261918,-0.182924,0.0225339,-88.226,182.109
164.074,1641,-0.253142,-0.0106941,-0.00261918,-0.182924,0.0225339,-88.226,182.109
164.48,1645,-0.242807,-0.0107266,-0.00262341,-0.183278,0.0225339,-88.6177,182.224
164.48,1645,-0.242807,-0.0107266,-0.00262341,-0.183278,0.0225339,-88.6177,182.224
164.888,1649,-0.23239,-0.0108405,-0.00263119,-0.184635,0.0225339,-89.0125,182.336
164.888,1649,-0.23239,-0.0108405,-0.00263119,-0.184635,0.0225339,-89.0125,182.336
165.3,1653,-0.221907,-0.011039,-0.00265419,-0.186252,0.0225339,-89.4119,182.445
165.3,1653,-0.221907,-0.011039,-0.00265419,-0.186252,0.0225339,-89.4119,182.445
165.713,1657,-0.211447,-0.0111149,-0.0026839,-0.185556,0.0225339,-89.814,182.551
165.713,1657,-0.211447,-0.0111149,-0.0026839,-0.185556,0.0225339,-89.814,182.551
166.122,1661,-0.201051,-0.0110373,-0.00270306,-0.183137,0.0225339,-90.2116,182.652
166.122,1661,-0.201051,-0.0110373,-0.00270306,-0.183137,0.0225339,-90.2116,182.652
166.528,1665,-0.190721,-0.0110658,-0.00270627,-0.183512,0.0225339,-90.6082,182.748
166.528,1665,-0.190721,-0.0110658,-0.00270627,-0.183512,0.0225339,-90.6082,182.748
166.937,1669,-0.18031,-0.0111775,-0.00271296,-0.184872,0.0225339,-91.0078,182.842
166.937,1669,-0.18031,-0.0111775,-0.00271296,-0.184872,0.0225339,-91.0078,182.842
167.349,1673,-0.169842,-0.0113694,-0.00273363,-0.18649,0.0225339,-91.4117,182.932
167.349,1673,-0.169842,-0.0113694,-0.00273363,-0.18649,0.0225339,-91.4117,182.932
167.763,1678,-0.159401,-0.011402,-0.00275313,-0.185793,0.0225339,-91.8183,183.02
167.763,1678,-0.159401,-0.011402,-0.00275313,-0.185793,0.0225339,-91.8183,183.02
168.171,1682,-0.149056,-0.0113167,-0.00277124,-0.183369,0.0225339,-92.2202,183.102
168.171,1682,-0.149056,-0.0113167,-0.00277124,-0.183369,0.0225339,-92.2202,183.102
168.578,1686,-0.138731,-0.0113472,-0.00277472,-0.183743,0.0225339,-92.6208,183.18
168.578,1686,-0.138731,-0.0113472,-0.00277472,-0.183743,0.0225339,-92.6208,183.18
168.987,1690,-0.128348,-0.0114558,-0.00278034,-0.18509,0.0225339,-93.0243,183.255
168.987,1690,-0.128348,-0.0114558,-0.00278034,-0.18509,0.0225339,-93.0243,183.255
169.4,1694,-0.1179,-0.0116562,-0.00280234,-0.186707,0.0225339,-93.4321,183.327
169.4,1694,-0.1179,-0.0116562,-0.00280234,-0.186707,0.0225339,-93.4321,183.327
169.815,1698,-0.107434,-0.0117264,-0.00283116,-0.186009,0.0225339,-93.8423,183.395
169.815,1698,-0.107434,-0.0117264,-0.00283116,-0.186009,0.0225339,-93.8423,183.395
170.224,1702,-0.0970945,-0.0116415,-0.00285074,-0.183581,0.0225339,-94.2476,183.459
170.224,1702,-0.0970945,-0.0116415,-0.00285074,-0.183581,0.0225339,-94.2476,183.459
170.631,1706,-0.0867619,-0.0116681,-0.00285325,-0.183958,0.0225339,-94.6514,183.519
170.631,1706,-0.0867619,-0.0116681,-0.00285325,-0.183958,0.0225339,-94.6514,183.519
171.041,1710,-0.0763979,-0.0117807,-0.00285903,-0.185318,0.0225339,-95.0579,183.575
171.041,1710,-0.0763979,-0.0117807,-0.00285903,-0.185318,0.0225339,-95.0579,183.575
171.455,1715,-0.063895,0.0283365,0.00681253,-0.093346,0,-95.4686,183.628
171.455,1715,-0.063895,0.0283365,0.00681253,-0.093346,0,-95.4686,183.628
171.87,1719,-0.0474876,0.0668527,0.0161411,-0.0930197,0,-95.8815,183.677
171.87,1719,-0.0474876,0.0668527,0.0161411,-0.0930197,0,-95.8815,183.677
172.28,1723,-0.0274916,0.103534,0.0253543,-0.0918744,0,-96.2893,183.722
172.28,1723,-0.0274916,0.103534,0.0253543,-0.0918744,0,-96.2893,183.722
172.688,1727,-0.0133731,0.11128,0.0272251,0.00414347,0,-96.6943,183.772
172.688,1727,-0.0133731,0.11128,0.0272251,0.00414347,0,-96.6943,183.772
173.098,1731,-0.00427489,0.105217,0.0255479,0.0200413,0,-97.1009,183.828
173.098,1731,-0.00427489,0.105217,0.0255479,0.0200413,0,-97.1009,183.828
173.512,1735,0.0020994,0.0936585,0.0225278,0.0328621,0,-97.5106,183.887
173.512,1735,0.0020994,0.0936585,0.0225278,0.0328621,0,-97.5106,183.887
173.928,1739,0.00614804,0.077953,0.018829,0.0379192,0,-97.9218,183.949
173.928,1739,0.00614804,0.077953,0.018829,0.0379192,0,-97.9218,183.949
174.338,1743,0.00857509,0.0620178,0.0151919,0.0359699,0,-98.3272,184.011
174.338,1743,0.00857509,0.0620178,0.0151919,0.0359699,0,-98.3272,184.011
174.746,1747,0.00989431,0.0485623,0.0118784,0.0325108,0,-98.7305,184.074
174.746,1747,0.00989431,0.0485623,0.0118784,0.0325108,0,-98.7305,184.074
175.156,1752,0.0105699,0.0371974,0.00902935,0.0275853,0,-99.1358,184.138
175.156,1752,0.0105699,0.0371974,0.00902935,0.0275853,0,-99.1358,184.138
175.57,1756,0.0108474,0.0278555,0.00669802,0.0223336,0,-99.5447,184.203
175.57,1756,0.0108474,0.0278555,0.00669802,0.0223336,0,-99.5447,184.203
175.986,1760,0.0108851,0.0200574,0.00484313,0.0175675,0,-99.9554,184.269
175.986,1760,0.0108851,0.0200574,0.00484313,0.0175675,0,-99.9554,184.269
176.397,1764,0.0107851,0.0139664,0.0034202,0.0133674,0,-100.361,184.333
176.397,1764,0.0107851,0.0139664,0.0034202,0.0133674,0,-100.361,184.333
176.805,1768,0.0105644,0.00960416,0.00234854,0.0100782,0,-100.764,184.398
176.805,1768,0.0105644,0.00960416,0.00234854,0.0100782,0,-100.764,184.398
177.215,1772,0.0103727,0.00643279,0.00156105,0.0073553,0,-101.169,184.463
177.215,1772,0.0103727,0.00643279,0.00156105,0.0073553,0,-101.169,184.463
177.63,1776,0.0101589,0.00415572,0.000999118,0.0052017,0,-101.578,184.529
177.63,1776,0.0101589,0.00415572,0.000999118,0.0052017,0,-101.578,184.529
178.046,1780,0.00999895,0.00251477,0.000607101,0.00359297,0,-101.989,184.594
178.046,1780,0.00999895,0.00251477,0.000607101,0.00359297,0,-101.989,184.594
178.456,1785,0.009838,0.00140202,0.000343182,0.00239319,0,-102.394,184.659
178.456,1785,0.009838,0.00140202,0.000343182,0.00239319,0,-102.394,184.659
178.864,1789,0.00970831,0.000696963,0.000170343,0.00156108,0,-102.797,184.724
178.864,1789,0.00970831,0.000696963,0.000170343,0.00156108,0,-102.797,184.724
179.275,1793,0.00960758,0.000260339,6.32836E-05,0.000964225,0,-103.203,184.789
179.275,1793,0.00960758,0.000260339,6.32836E-05,0.000964225,0,-103.203,184.789
179.689,1797,0.00953364,-1.21439E-06,-3.65943E-07,0.00055362,0,-103.612,184.854
179.689,1797,0.00953364,-1.21439E-06,-3.65943E-07,0.00055362,0,-103.612,184.854
180.105,1801,0.00949479,-0.000143796,-3.47207E-05,0.000286269,0,-104.023,184.92
180.105,1801,0.00949479,-0.000143796,-3.47207E-05,0.000286269,0,-104.023,184.92
180.516,1805,0.00943869,-0.0002034,-4.99007E-05,0.000116967,0,-104.428,184.985
180.516,1805,0.00943869,-0.0002034,-4.99007E-05,0.000116967,0,-104.428,184.985
180.924,1809,0.00938009,-0.000214947,-5.25639E-05,2.8915E-06,0,-104.831,185.049
180.924,1809,0.00938009,-0.000214947,-5.25639E-05,2.8915E-06,0,-104.831,185.049
181.335,1813,0.00935287,-0.000203493,-4.93681E-05,-4.13073E-05,0,-105.237,185.114
181.335,1813,0.00935287,-0.000203493,-4.93681E-05,-4.13073E-05,0,-105.237,185.114
181.749,1817,0.00936631,-0.000179866,-4.32428E-05,-6.70269E-05,0,-105.646,185.179
181.749,1817,0.00936631,-0.000179866,-4.32428E-05,-6.70269E-05,0,-105.646,185.179
182.165,1822,0.00933708,-0.000149655,-3.60523E-05,-7.30968E-05,0,-106.057,185.245
182.165,1822,0.00933708,-0.000149655,-3.60523E-05,-7.30968E-05,0,-106.057,185.245
182.576,1826,0.00933942,-0.000118285,-2.88618E-05,-6.96981E-05,0,-106.462,185.31
182.576,1826,0.00933942,-0.000118285,-2.88618E-05,-6.96981E-05,0,-106.462,185.31
182.984,1830,0.0093218,-9.4297E-05,-2.30028E-05,-6.31263E-05,0,-106.866,185.374
182.984,1830,0.0093218,-9.4297E-05,-2.30028E-05,-6.31263E-05,0,-106.866,185.374
183.395,1834,0.009303,-7.03111E-05,-1.71439E-05,-5.36694E-05,0,-107.271,185.439
183.395,1834,0.009303,-7.03111E-05,-1.71439E-05,-5.36694E-05,0,-107.271,185.439
183.809,1838,0.00930739,-5.0567E-05,-1.20839E-05,-4.32996E-05,0,-107.68,185.504
183.809,1838,0.00930739,-5.0567E-05,-1.20839E-05,-4.32996E-05,0,-107.68,185.504
184.226,1842,0.00927152,-3.76653E-05,-9.15437E-06,-3.37333E-05,0,-108.091,185.57
184.226,1842,0.00927152,-3.76653E-05,-9.15437E-06,-3.37333E-05,0,-108.091,185.57
184.636,1846,0.00927867,-2.74E-05,-6.75753E-06,-2.49973E-05,0,-108.497,185.635
184.636,1846,0.00927867,-2.74E-05,-6.75753E-06,-2.49973E-05,0,-108.497,185.635
185.045,1850,0.00927428,-1.89377E-05,-4.627E-06,-1.86199E-05,0,-108.9,185.699
185.045,1850,0.00927428,-1.89377E-05,-4.627E-06,-1.86199E-05,0,-108.9,185.699
185.456,1855,0.00926632,-1.83318E-05,-4.36068E-06,-8.93263E-07,0,-109.306,185.764
185.456,1855,0.00926632,-1.83318E-05,-4.36068E-06,-8.93263E-07,0,-109.306,185.764
185.87,1859,0.0092526,-1.8429E-05,-4.36068E-06,-4.79972E-07,0,-109.715,185.829
185.87,1859,0.0092526,-1.8429E-05,-4.36068E-06,-4.79972E-07,0,-109.715,185.829
186.286,1863,0.00924504,-1.83971E-05,-4.36068E-06,4.71271E-07,0,-110.126,185.895
186.286,1863,0.00924504,-1.83971E-05,-4.36068E-06,4.71271E-07,0,-110.126,185.895
